BALANCER 2025/05/02 08:16:18 main.go:39: Ошибка инициализации хранилища rate limiter
BALANCER 2025/05/02 08:24:52 main.go:103: запуск сервера на :8080
BALANCER 2025/05/02 08:25:02 backend.go:96: Сервер http://localhost:8082 состояние: alive=true
BALANCER 2025/05/02 08:25:02 backend.go:96: Сервер http://localhost:8081 состояние: alive=true
BALANCER 2025/05/02 08:25:02 backend.go:96: Сервер http://localhost:8083 состояние: alive=true
BALANCER 2025/05/02 08:25:12 backend.go:96: Сервер http://localhost:8081 состояние: alive=true
BALANCER 2025/05/02 08:25:12 backend.go:96: Сервер http://localhost:8082 состояние: alive=true
BALANCER 2025/05/02 08:25:12 backend.go:96: Сервер http://localhost:8083 состояние: alive=true
BALANCER 2025/05/02 08:25:22 backend.go:96: Сервер http://localhost:8081 состояние: alive=true
BALANCER 2025/05/02 08:25:22 backend.go:96: Сервер http://localhost:8082 состояние: alive=true
BALANCER 2025/05/02 08:25:22 backend.go:96: Сервер http://localhost:8083 состояние: alive=true
BALANCER 2025/05/02 08:25:32 backend.go:96: Сервер http://localhost:8082 состояние: alive=true
BALANCER 2025/05/02 08:25:32 backend.go:96: Сервер http://localhost:8081 состояние: alive=true
BALANCER 2025/05/02 08:25:32 backend.go:96: Сервер http://localhost:8083 состояние: alive=true
BALANCER 2025/05/02 08:25:42 backend.go:96: Сервер http://localhost:8081 состояние: alive=true
BALANCER 2025/05/02 08:25:42 backend.go:96: Сервер http://localhost:8083 состояние: alive=true
BALANCER 2025/05/02 08:25:42 backend.go:96: Сервер http://localhost:8082 состояние: alive=true
BALANCER 2025/05/02 08:25:52 backend.go:96: Сервер http://localhost:8081 состояние: alive=true
BALANCER 2025/05/02 08:25:52 backend.go:96: Сервер http://localhost:8082 состояние: alive=true
BALANCER 2025/05/02 08:25:52 backend.go:96: Сервер http://localhost:8083 состояние: alive=true
BALANCER 2025/05/02 08:26:02 backend.go:96: Сервер http://localhost:8082 состояние: alive=true
BALANCER 2025/05/02 08:26:02 backend.go:96: Сервер http://localhost:8081 состояние: alive=true
BALANCER 2025/05/02 08:26:02 backend.go:96: Сервер http://localhost:8083 состояние: alive=true
BALANCER 2025/05/02 08:26:12 backend.go:96: Сервер http://localhost:8083 состояние: alive=true
BALANCER 2025/05/02 08:26:12 backend.go:96: Сервер http://localhost:8081 состояние: alive=true
BALANCER 2025/05/02 08:26:12 backend.go:96: Сервер http://localhost:8082 состояние: alive=true
BALANCER 2025/05/02 08:26:22 backend.go:96: Сервер http://localhost:8083 состояние: alive=true
BALANCER 2025/05/02 08:26:22 backend.go:96: Сервер http://localhost:8081 состояние: alive=true
BALANCER 2025/05/02 08:26:22 backend.go:96: Сервер http://localhost:8082 состояние: alive=true
BALANCER 2025/05/02 08:26:32 backend.go:96: Сервер http://localhost:8081 состояние: alive=true
BALANCER 2025/05/02 08:26:32 backend.go:96: Сервер http://localhost:8083 состояние: alive=true
BALANCER 2025/05/02 08:26:32 backend.go:96: Сервер http://localhost:8082 состояние: alive=true
BALANCER 2025/05/02 08:26:42 backend.go:96: Сервер http://localhost:8083 состояние: alive=true
BALANCER 2025/05/02 08:26:42 backend.go:96: Сервер http://localhost:8081 состояние: alive=true
BALANCER 2025/05/02 08:26:42 backend.go:96: Сервер http://localhost:8082 состояние: alive=true
BALANCER 2025/05/02 08:26:52 backend.go:96: Сервер http://localhost:8083 состояние: alive=true
BALANCER 2025/05/02 08:26:52 backend.go:96: Сервер http://localhost:8081 состояние: alive=true
BALANCER 2025/05/02 08:26:52 backend.go:96: Сервер http://localhost:8082 состояние: alive=true
BALANCER 2025/05/02 08:27:02 backend.go:96: Сервер http://localhost:8083 состояние: alive=true
BALANCER 2025/05/02 08:27:02 backend.go:96: Сервер http://localhost:8082 состояние: alive=true
BALANCER 2025/05/02 08:27:02 backend.go:96: Сервер http://localhost:8081 состояние: alive=true
BALANCER 2025/05/02 08:27:12 backend.go:96: Сервер http://localhost:8083 состояние: alive=true
BALANCER 2025/05/02 08:27:12 backend.go:96: Сервер http://localhost:8082 состояние: alive=true
BALANCER 2025/05/02 08:27:12 backend.go:96: Сервер http://localhost:8081 состояние: alive=true
BALANCER 2025/05/02 08:27:22 backend.go:96: Сервер http://localhost:8082 состояние: alive=true
BALANCER 2025/05/02 08:27:22 backend.go:96: Сервер http://localhost:8083 состояние: alive=true
BALANCER 2025/05/02 08:27:22 backend.go:96: Сервер http://localhost:8081 состояние: alive=true
BALANCER 2025/05/02 08:27:32 backend.go:96: Сервер http://localhost:8081 состояние: alive=true
BALANCER 2025/05/02 08:27:32 backend.go:96: Сервер http://localhost:8082 состояние: alive=true
BALANCER 2025/05/02 08:27:32 backend.go:96: Сервер http://localhost:8083 состояние: alive=true
BALANCER 2025/05/02 08:27:42 backend.go:96: Сервер http://localhost:8081 состояние: alive=true
BALANCER 2025/05/02 08:27:42 backend.go:96: Сервер http://localhost:8082 состояние: alive=true
BALANCER 2025/05/02 08:27:42 backend.go:96: Сервер http://localhost:8083 состояние: alive=true
BALANCER 2025/05/02 08:27:52 backend.go:96: Сервер http://localhost:8081 состояние: alive=true
BALANCER 2025/05/02 08:27:52 backend.go:96: Сервер http://localhost:8083 состояние: alive=true
BALANCER 2025/05/02 08:27:52 backend.go:96: Сервер http://localhost:8082 состояние: alive=true
BALANCER 2025/05/02 08:28:02 backend.go:96: Сервер http://localhost:8081 состояние: alive=true
BALANCER 2025/05/02 08:28:02 backend.go:96: Сервер http://localhost:8082 состояние: alive=true
BALANCER 2025/05/02 08:28:02 backend.go:96: Сервер http://localhost:8083 состояние: alive=true
BALANCER 2025/05/02 08:28:12 backend.go:96: Сервер http://localhost:8082 состояние: alive=true
BALANCER 2025/05/02 08:28:12 backend.go:96: Сервер http://localhost:8081 состояние: alive=true
BALANCER 2025/05/02 08:28:12 backend.go:96: Сервер http://localhost:8083 состояние: alive=true
BALANCER 2025/05/02 08:28:22 backend.go:96: Сервер http://localhost:8082 состояние: alive=true
BALANCER 2025/05/02 08:28:22 backend.go:96: Сервер http://localhost:8081 состояние: alive=true
BALANCER 2025/05/02 08:28:22 backend.go:96: Сервер http://localhost:8083 состояние: alive=true
BALANCER 2025/05/02 08:28:32 backend.go:96: Сервер http://localhost:8081 состояние: alive=true
BALANCER 2025/05/02 08:28:32 backend.go:96: Сервер http://localhost:8082 состояние: alive=true
BALANCER 2025/05/02 08:28:32 backend.go:96: Сервер http://localhost:8083 состояние: alive=true
BALANCER 2025/05/02 08:28:42 backend.go:96: Сервер http://localhost:8083 состояние: alive=true
BALANCER 2025/05/02 08:28:42 backend.go:96: Сервер http://localhost:8082 состояние: alive=true
BALANCER 2025/05/02 08:28:42 backend.go:96: Сервер http://localhost:8081 состояние: alive=true
BALANCER 2025/05/02 08:28:52 backend.go:96: Сервер http://localhost:8081 состояние: alive=true
BALANCER 2025/05/02 08:28:52 backend.go:96: Сервер http://localhost:8082 состояние: alive=true
BALANCER 2025/05/02 08:28:52 backend.go:96: Сервер http://localhost:8083 состояние: alive=true
BALANCER 2025/05/02 08:29:02 backend.go:96: Сервер http://localhost:8083 состояние: alive=true
BALANCER 2025/05/02 08:29:02 backend.go:96: Сервер http://localhost:8081 состояние: alive=true
BALANCER 2025/05/02 08:29:02 backend.go:96: Сервер http://localhost:8082 состояние: alive=true
BALANCER 2025/05/02 08:29:12 backend.go:96: Сервер http://localhost:8083 состояние: alive=true
BALANCER 2025/05/02 08:29:12 backend.go:96: Сервер http://localhost:8081 состояние: alive=true
BALANCER 2025/05/02 08:29:12 backend.go:96: Сервер http://localhost:8082 состояние: alive=true
BALANCER 2025/05/02 08:29:22 backend.go:96: Сервер http://localhost:8082 состояние: alive=true
BALANCER 2025/05/02 08:29:22 backend.go:96: Сервер http://localhost:8081 состояние: alive=true
BALANCER 2025/05/02 08:29:22 backend.go:96: Сервер http://localhost:8083 состояние: alive=true
BALANCER 2025/05/02 08:29:32 backend.go:96: Сервер http://localhost:8082 состояние: alive=true
BALANCER 2025/05/02 08:29:32 backend.go:96: Сервер http://localhost:8083 состояние: alive=true
BALANCER 2025/05/02 08:29:32 backend.go:96: Сервер http://localhost:8081 состояние: alive=true
BALANCER 2025/05/02 08:29:42 backend.go:96: Сервер http://localhost:8082 состояние: alive=true
BALANCER 2025/05/02 08:29:42 backend.go:96: Сервер http://localhost:8083 состояние: alive=true
BALANCER 2025/05/02 08:29:42 backend.go:96: Сервер http://localhost:8081 состояние: alive=true
BALANCER 2025/05/02 08:29:52 backend.go:96: Сервер http://localhost:8081 состояние: alive=true
BALANCER 2025/05/02 08:29:52 backend.go:96: Сервер http://localhost:8082 состояние: alive=true
BALANCER 2025/05/02 08:29:52 backend.go:96: Сервер http://localhost:8083 состояние: alive=true
BALANCER 2025/05/02 08:30:02 backend.go:96: Сервер http://localhost:8081 состояние: alive=true
BALANCER 2025/05/02 08:30:02 backend.go:96: Сервер http://localhost:8082 состояние: alive=true
BALANCER 2025/05/02 08:30:02 backend.go:96: Сервер http://localhost:8083 состояние: alive=true
BALANCER 2025/05/02 08:30:12 backend.go:96: Сервер http://localhost:8083 состояние: alive=true
BALANCER 2025/05/02 08:30:12 backend.go:96: Сервер http://localhost:8082 состояние: alive=true
BALANCER 2025/05/02 08:30:12 backend.go:96: Сервер http://localhost:8081 состояние: alive=true
BALANCER 2025/05/02 08:30:22 backend.go:96: Сервер http://localhost:8083 состояние: alive=true
BALANCER 2025/05/02 08:30:22 backend.go:96: Сервер http://localhost:8081 состояние: alive=true
BALANCER 2025/05/02 08:30:22 backend.go:96: Сервер http://localhost:8082 состояние: alive=true
BALANCER 2025/05/02 08:30:32 backend.go:96: Сервер http://localhost:8081 состояние: alive=true
BALANCER 2025/05/02 08:30:32 backend.go:96: Сервер http://localhost:8082 состояние: alive=true
BALANCER 2025/05/02 08:30:32 backend.go:96: Сервер http://localhost:8083 состояние: alive=true
BALANCER 2025/05/02 08:30:42 backend.go:96: Сервер http://localhost:8083 состояние: alive=true
BALANCER 2025/05/02 08:30:42 backend.go:96: Сервер http://localhost:8082 состояние: alive=true
BALANCER 2025/05/02 08:30:42 backend.go:96: Сервер http://localhost:8081 состояние: alive=true
BALANCER 2025/05/02 08:30:52 backend.go:96: Сервер http://localhost:8083 состояние: alive=true
BALANCER 2025/05/02 08:30:52 backend.go:96: Сервер http://localhost:8081 состояние: alive=true
BALANCER 2025/05/02 08:30:52 backend.go:96: Сервер http://localhost:8082 состояние: alive=true
BALANCER 2025/05/02 08:31:02 backend.go:96: Сервер http://localhost:8081 состояние: alive=true
BALANCER 2025/05/02 08:31:02 backend.go:96: Сервер http://localhost:8083 состояние: alive=true
BALANCER 2025/05/02 08:31:02 backend.go:96: Сервер http://localhost:8082 состояние: alive=true
BALANCER 2025/05/02 08:31:12 backend.go:96: Сервер http://localhost:8081 состояние: alive=true
BALANCER 2025/05/02 08:31:12 backend.go:96: Сервер http://localhost:8083 состояние: alive=true
BALANCER 2025/05/02 08:31:12 backend.go:96: Сервер http://localhost:8082 состояние: alive=true
BALANCER 2025/05/02 08:31:22 backend.go:96: Сервер http://localhost:8082 состояние: alive=true
BALANCER 2025/05/02 08:31:22 backend.go:96: Сервер http://localhost:8081 состояние: alive=true
BALANCER 2025/05/02 08:31:22 backend.go:96: Сервер http://localhost:8083 состояние: alive=true
BALANCER 2025/05/02 08:31:32 backend.go:96: Сервер http://localhost:8081 состояние: alive=true
BALANCER 2025/05/02 08:31:32 backend.go:96: Сервер http://localhost:8083 состояние: alive=true
BALANCER 2025/05/02 08:31:32 backend.go:96: Сервер http://localhost:8082 состояние: alive=true
BALANCER 2025/05/02 08:31:42 backend.go:96: Сервер http://localhost:8082 состояние: alive=true
BALANCER 2025/05/02 08:31:42 backend.go:96: Сервер http://localhost:8083 состояние: alive=true
BALANCER 2025/05/02 08:31:42 backend.go:96: Сервер http://localhost:8081 состояние: alive=true
BALANCER 2025/05/02 08:31:52 backend.go:96: Сервер http://localhost:8081 состояние: alive=true
BALANCER 2025/05/02 08:31:52 backend.go:96: Сервер http://localhost:8082 состояние: alive=true
BALANCER 2025/05/02 08:31:52 backend.go:96: Сервер http://localhost:8083 состояние: alive=true
BALANCER 2025/05/02 08:32:02 backend.go:96: Сервер http://localhost:8082 состояние: alive=true
BALANCER 2025/05/02 08:32:02 backend.go:96: Сервер http://localhost:8081 состояние: alive=true
BALANCER 2025/05/02 08:32:02 backend.go:96: Сервер http://localhost:8083 состояние: alive=true
BALANCER 2025/05/02 08:32:12 backend.go:96: Сервер http://localhost:8081 состояние: alive=true
BALANCER 2025/05/02 08:32:12 backend.go:96: Сервер http://localhost:8083 состояние: alive=true
BALANCER 2025/05/02 08:32:12 backend.go:96: Сервер http://localhost:8082 состояние: alive=true
BALANCER 2025/05/02 08:32:22 backend.go:96: Сервер http://localhost:8081 состояние: alive=true
BALANCER 2025/05/02 08:32:22 backend.go:96: Сервер http://localhost:8083 состояние: alive=true
BALANCER 2025/05/02 08:32:22 backend.go:96: Сервер http://localhost:8082 состояние: alive=true
BALANCER 2025/05/02 08:32:32 backend.go:96: Сервер http://localhost:8083 состояние: alive=true
BALANCER 2025/05/02 08:32:32 backend.go:96: Сервер http://localhost:8081 состояние: alive=true
BALANCER 2025/05/02 08:32:32 backend.go:96: Сервер http://localhost:8082 состояние: alive=true
BALANCER 2025/05/02 08:32:42 backend.go:96: Сервер http://localhost:8083 состояние: alive=true
BALANCER 2025/05/02 08:32:42 backend.go:96: Сервер http://localhost:8081 состояние: alive=true
BALANCER 2025/05/02 08:32:42 backend.go:96: Сервер http://localhost:8082 состояние: alive=true
BALANCER 2025/05/02 08:32:52 backend.go:96: Сервер http://localhost:8082 состояние: alive=true
BALANCER 2025/05/02 08:32:52 backend.go:96: Сервер http://localhost:8081 состояние: alive=true
BALANCER 2025/05/02 08:32:52 backend.go:96: Сервер http://localhost:8083 состояние: alive=true
BALANCER 2025/05/02 08:33:02 backend.go:96: Сервер http://localhost:8083 состояние: alive=true
BALANCER 2025/05/02 08:33:02 backend.go:96: Сервер http://localhost:8082 состояние: alive=true
BALANCER 2025/05/02 08:33:02 backend.go:96: Сервер http://localhost:8081 состояние: alive=true
BALANCER 2025/05/02 08:33:12 backend.go:96: Сервер http://localhost:8083 состояние: alive=true
BALANCER 2025/05/02 08:33:12 backend.go:96: Сервер http://localhost:8082 состояние: alive=true
BALANCER 2025/05/02 08:33:12 backend.go:96: Сервер http://localhost:8081 состояние: alive=true
BALANCER 2025/05/02 08:33:22 backend.go:96: Сервер http://localhost:8081 состояние: alive=true
BALANCER 2025/05/02 08:33:22 backend.go:96: Сервер http://localhost:8082 состояние: alive=true
BALANCER 2025/05/02 08:33:22 backend.go:96: Сервер http://localhost:8083 состояние: alive=true
BALANCER 2025/05/02 08:33:32 backend.go:96: Сервер http://localhost:8081 состояние: alive=true
BALANCER 2025/05/02 08:33:32 backend.go:96: Сервер http://localhost:8083 состояние: alive=true
BALANCER 2025/05/02 08:33:32 backend.go:96: Сервер http://localhost:8082 состояние: alive=true
BALANCER 2025/05/02 08:33:42 backend.go:96: Сервер http://localhost:8081 состояние: alive=true
BALANCER 2025/05/02 08:33:42 backend.go:96: Сервер http://localhost:8082 состояние: alive=true
BALANCER 2025/05/02 08:33:42 backend.go:96: Сервер http://localhost:8083 состояние: alive=true
BALANCER 2025/05/02 08:33:52 backend.go:96: Сервер http://localhost:8083 состояние: alive=true
BALANCER 2025/05/02 08:33:52 backend.go:96: Сервер http://localhost:8081 состояние: alive=true
BALANCER 2025/05/02 08:33:52 backend.go:96: Сервер http://localhost:8082 состояние: alive=true
BALANCER 2025/05/02 08:34:02 backend.go:96: Сервер http://localhost:8082 состояние: alive=true
BALANCER 2025/05/02 08:34:02 backend.go:96: Сервер http://localhost:8081 состояние: alive=true
BALANCER 2025/05/02 08:34:02 backend.go:96: Сервер http://localhost:8083 состояние: alive=true
BALANCER 2025/05/02 08:34:12 backend.go:96: Сервер http://localhost:8083 состояние: alive=true
BALANCER 2025/05/02 08:34:12 backend.go:96: Сервер http://localhost:8082 состояние: alive=true
BALANCER 2025/05/02 08:34:12 backend.go:96: Сервер http://localhost:8081 состояние: alive=true
BALANCER 2025/05/02 08:34:22 backend.go:96: Сервер http://localhost:8081 состояние: alive=true
BALANCER 2025/05/02 08:34:22 backend.go:96: Сервер http://localhost:8083 состояние: alive=true
BALANCER 2025/05/02 08:34:22 backend.go:96: Сервер http://localhost:8082 состояние: alive=true
BALANCER 2025/05/02 08:34:32 backend.go:96: Сервер http://localhost:8083 состояние: alive=true
BALANCER 2025/05/02 08:34:32 backend.go:96: Сервер http://localhost:8081 состояние: alive=true
BALANCER 2025/05/02 08:34:32 backend.go:96: Сервер http://localhost:8082 состояние: alive=true
BALANCER 2025/05/02 08:34:42 backend.go:96: Сервер http://localhost:8081 состояние: alive=true
BALANCER 2025/05/02 08:34:42 backend.go:96: Сервер http://localhost:8083 состояние: alive=true
BALANCER 2025/05/02 08:34:42 backend.go:96: Сервер http://localhost:8082 состояние: alive=true
BALANCER 2025/05/02 08:34:52 backend.go:96: Сервер http://localhost:8081 состояние: alive=true
BALANCER 2025/05/02 08:34:52 backend.go:96: Сервер http://localhost:8083 состояние: alive=true
BALANCER 2025/05/02 08:34:52 backend.go:96: Сервер http://localhost:8082 состояние: alive=true
BALANCER 2025/05/02 08:35:02 backend.go:96: Сервер http://localhost:8081 состояние: alive=true
BALANCER 2025/05/02 08:35:02 backend.go:96: Сервер http://localhost:8082 состояние: alive=true
BALANCER 2025/05/02 08:35:02 backend.go:96: Сервер http://localhost:8083 состояние: alive=true
BALANCER 2025/05/02 08:35:12 backend.go:96: Сервер http://localhost:8081 состояние: alive=true
BALANCER 2025/05/02 08:35:12 backend.go:96: Сервер http://localhost:8082 состояние: alive=true
BALANCER 2025/05/02 08:35:12 backend.go:96: Сервер http://localhost:8083 состояние: alive=true
BALANCER 2025/05/02 08:35:22 backend.go:96: Сервер http://localhost:8081 состояние: alive=true
BALANCER 2025/05/02 08:35:22 backend.go:96: Сервер http://localhost:8082 состояние: alive=true
BALANCER 2025/05/02 08:35:22 backend.go:96: Сервер http://localhost:8083 состояние: alive=true
BALANCER 2025/05/02 08:35:32 backend.go:96: Сервер http://localhost:8083 состояние: alive=true
BALANCER 2025/05/02 08:35:32 backend.go:96: Сервер http://localhost:8082 состояние: alive=true
BALANCER 2025/05/02 08:35:32 backend.go:96: Сервер http://localhost:8081 состояние: alive=true
BALANCER 2025/05/02 08:35:42 backend.go:96: Сервер http://localhost:8082 состояние: alive=true
BALANCER 2025/05/02 08:35:42 backend.go:96: Сервер http://localhost:8083 состояние: alive=true
BALANCER 2025/05/02 08:35:42 backend.go:96: Сервер http://localhost:8081 состояние: alive=true
BALANCER 2025/05/02 08:35:52 backend.go:96: Сервер http://localhost:8081 состояние: alive=true
BALANCER 2025/05/02 08:35:52 backend.go:96: Сервер http://localhost:8083 состояние: alive=true
BALANCER 2025/05/02 08:35:52 backend.go:96: Сервер http://localhost:8082 состояние: alive=true
BALANCER 2025/05/02 08:36:02 backend.go:96: Сервер http://localhost:8083 состояние: alive=true
BALANCER 2025/05/02 08:36:02 backend.go:96: Сервер http://localhost:8082 состояние: alive=true
BALANCER 2025/05/02 08:36:02 backend.go:96: Сервер http://localhost:8081 состояние: alive=true
BALANCER 2025/05/02 08:36:12 backend.go:96: Сервер http://localhost:8081 состояние: alive=true
BALANCER 2025/05/02 08:36:12 backend.go:96: Сервер http://localhost:8082 состояние: alive=true
BALANCER 2025/05/02 08:36:12 backend.go:96: Сервер http://localhost:8083 состояние: alive=true
BALANCER 2025/05/02 08:36:22 backend.go:96: Сервер http://localhost:8082 состояние: alive=true
BALANCER 2025/05/02 08:36:22 backend.go:96: Сервер http://localhost:8083 состояние: alive=true
BALANCER 2025/05/02 08:36:22 backend.go:96: Сервер http://localhost:8081 состояние: alive=true
BALANCER 2025/05/02 08:36:32 backend.go:96: Сервер http://localhost:8082 состояние: alive=true
BALANCER 2025/05/02 08:36:32 backend.go:96: Сервер http://localhost:8083 состояние: alive=true
BALANCER 2025/05/02 08:36:32 backend.go:96: Сервер http://localhost:8081 состояние: alive=true
BALANCER 2025/05/02 08:36:42 backend.go:96: Сервер http://localhost:8081 состояние: alive=true
BALANCER 2025/05/02 08:36:42 backend.go:96: Сервер http://localhost:8083 состояние: alive=true
BALANCER 2025/05/02 08:36:42 backend.go:96: Сервер http://localhost:8082 состояние: alive=true
BALANCER 2025/05/02 08:36:52 backend.go:96: Сервер http://localhost:8082 состояние: alive=true
BALANCER 2025/05/02 08:36:52 backend.go:96: Сервер http://localhost:8083 состояние: alive=true
BALANCER 2025/05/02 08:36:52 backend.go:96: Сервер http://localhost:8081 состояние: alive=true
BALANCER 2025/05/02 08:37:02 backend.go:96: Сервер http://localhost:8081 состояние: alive=true
BALANCER 2025/05/02 08:37:02 backend.go:96: Сервер http://localhost:8082 состояние: alive=true
BALANCER 2025/05/02 08:37:02 backend.go:96: Сервер http://localhost:8083 состояние: alive=true
BALANCER 2025/05/02 08:37:12 backend.go:96: Сервер http://localhost:8082 состояние: alive=true
BALANCER 2025/05/02 08:37:12 backend.go:96: Сервер http://localhost:8083 состояние: alive=true
BALANCER 2025/05/02 08:37:12 backend.go:96: Сервер http://localhost:8081 состояние: alive=true
BALANCER 2025/05/02 08:37:22 backend.go:96: Сервер http://localhost:8082 состояние: alive=true
BALANCER 2025/05/02 08:37:22 backend.go:96: Сервер http://localhost:8083 состояние: alive=true
BALANCER 2025/05/02 08:37:22 backend.go:96: Сервер http://localhost:8081 состояние: alive=true
BALANCER 2025/05/02 08:37:32 backend.go:96: Сервер http://localhost:8081 состояние: alive=true
BALANCER 2025/05/02 08:37:32 backend.go:96: Сервер http://localhost:8082 состояние: alive=true
BALANCER 2025/05/02 08:37:32 backend.go:96: Сервер http://localhost:8083 состояние: alive=true
BALANCER 2025/05/02 08:37:42 backend.go:96: Сервер http://localhost:8081 состояние: alive=true
BALANCER 2025/05/02 08:37:42 backend.go:96: Сервер http://localhost:8082 состояние: alive=true
BALANCER 2025/05/02 08:37:42 backend.go:96: Сервер http://localhost:8083 состояние: alive=true
BALANCER 2025/05/02 08:37:52 backend.go:96: Сервер http://localhost:8083 состояние: alive=true
BALANCER 2025/05/02 08:37:52 backend.go:96: Сервер http://localhost:8081 состояние: alive=true
BALANCER 2025/05/02 08:37:52 backend.go:96: Сервер http://localhost:8082 состояние: alive=true
BALANCER 2025/05/02 08:38:02 backend.go:96: Сервер http://localhost:8082 состояние: alive=true
BALANCER 2025/05/02 08:38:02 backend.go:96: Сервер http://localhost:8081 состояние: alive=true
BALANCER 2025/05/02 08:38:02 backend.go:96: Сервер http://localhost:8083 состояние: alive=true
BALANCER 2025/05/02 08:38:12 backend.go:96: Сервер http://localhost:8082 состояние: alive=true
BALANCER 2025/05/02 08:38:12 backend.go:96: Сервер http://localhost:8083 состояние: alive=true
BALANCER 2025/05/02 08:38:12 backend.go:96: Сервер http://localhost:8081 состояние: alive=true
BALANCER 2025/05/02 08:38:22 backend.go:96: Сервер http://localhost:8081 состояние: alive=true
BALANCER 2025/05/02 08:38:22 backend.go:96: Сервер http://localhost:8082 состояние: alive=true
BALANCER 2025/05/02 08:38:22 backend.go:96: Сервер http://localhost:8083 состояние: alive=true
BALANCER 2025/05/02 08:38:32 backend.go:96: Сервер http://localhost:8083 состояние: alive=true
BALANCER 2025/05/02 08:38:32 backend.go:96: Сервер http://localhost:8082 состояние: alive=true
BALANCER 2025/05/02 08:38:32 backend.go:96: Сервер http://localhost:8081 состояние: alive=true
BALANCER 2025/05/02 08:38:42 backend.go:96: Сервер http://localhost:8083 состояние: alive=true
BALANCER 2025/05/02 08:38:42 backend.go:96: Сервер http://localhost:8081 состояние: alive=true
BALANCER 2025/05/02 08:38:42 backend.go:96: Сервер http://localhost:8082 состояние: alive=true
BALANCER 2025/05/02 08:38:52 backend.go:96: Сервер http://localhost:8082 состояние: alive=true
BALANCER 2025/05/02 08:38:52 backend.go:96: Сервер http://localhost:8081 состояние: alive=true
BALANCER 2025/05/02 08:38:52 backend.go:96: Сервер http://localhost:8083 состояние: alive=true
BALANCER 2025/05/02 08:39:02 backend.go:96: Сервер http://localhost:8083 состояние: alive=true
BALANCER 2025/05/02 08:39:02 backend.go:96: Сервер http://localhost:8081 состояние: alive=true
BALANCER 2025/05/02 08:39:02 backend.go:96: Сервер http://localhost:8082 состояние: alive=true
BALANCER 2025/05/02 08:39:12 backend.go:96: Сервер http://localhost:8083 состояние: alive=true
BALANCER 2025/05/02 08:39:12 backend.go:96: Сервер http://localhost:8081 состояние: alive=true
BALANCER 2025/05/02 08:39:12 backend.go:96: Сервер http://localhost:8082 состояние: alive=true
BALANCER 2025/05/02 08:39:22 backend.go:96: Сервер http://localhost:8081 состояние: alive=true
BALANCER 2025/05/02 08:39:22 backend.go:96: Сервер http://localhost:8083 состояние: alive=true
BALANCER 2025/05/02 08:39:22 backend.go:96: Сервер http://localhost:8082 состояние: alive=true
BALANCER 2025/05/02 08:39:32 backend.go:96: Сервер http://localhost:8081 состояние: alive=true
BALANCER 2025/05/02 08:39:32 backend.go:96: Сервер http://localhost:8083 состояние: alive=true
BALANCER 2025/05/02 08:39:32 backend.go:96: Сервер http://localhost:8082 состояние: alive=true
BALANCER 2025/05/02 08:39:42 backend.go:96: Сервер http://localhost:8081 состояние: alive=true
BALANCER 2025/05/02 08:39:42 backend.go:96: Сервер http://localhost:8083 состояние: alive=true
BALANCER 2025/05/02 08:39:42 backend.go:96: Сервер http://localhost:8082 состояние: alive=true
BALANCER 2025/05/02 08:39:52 backend.go:96: Сервер http://localhost:8082 состояние: alive=true
BALANCER 2025/05/02 08:39:52 backend.go:96: Сервер http://localhost:8083 состояние: alive=true
BALANCER 2025/05/02 08:39:52 backend.go:96: Сервер http://localhost:8081 состояние: alive=true
BALANCER 2025/05/02 08:39:54 main.go:111: завершение работы...
BALANCER 2025/05/02 08:39:54 main.go:31: Завершение работы балансировщика
BALANCER 2025/05/02 08:39:57 main.go:101: запуск сервера на :8080
BALANCER 2025/05/02 08:40:07 backend.go:96: Сервер http://localhost:8083 состояние: alive=true
BALANCER 2025/05/02 08:40:07 backend.go:96: Сервер http://localhost:8081 состояние: alive=true
BALANCER 2025/05/02 08:40:07 backend.go:96: Сервер http://localhost:8082 состояние: alive=true
BALANCER 2025/05/02 08:40:17 backend.go:96: Сервер http://localhost:8082 состояние: alive=true
BALANCER 2025/05/02 08:40:17 backend.go:96: Сервер http://localhost:8083 состояние: alive=true
BALANCER 2025/05/02 08:40:17 backend.go:96: Сервер http://localhost:8081 состояние: alive=true
BALANCER 2025/05/02 08:40:27 backend.go:96: Сервер http://localhost:8083 состояние: alive=true
BALANCER 2025/05/02 08:40:27 backend.go:96: Сервер http://localhost:8081 состояние: alive=true
BALANCER 2025/05/02 08:40:27 backend.go:96: Сервер http://localhost:8082 состояние: alive=true
BALANCER 2025/05/02 08:40:37 backend.go:96: Сервер http://localhost:8082 состояние: alive=true
BALANCER 2025/05/02 08:40:37 backend.go:96: Сервер http://localhost:8081 состояние: alive=true
BALANCER 2025/05/02 08:40:37 backend.go:96: Сервер http://localhost:8083 состояние: alive=true
BALANCER 2025/05/02 08:40:47 backend.go:96: Сервер http://localhost:8081 состояние: alive=true
BALANCER 2025/05/02 08:40:47 backend.go:96: Сервер http://localhost:8083 состояние: alive=true
BALANCER 2025/05/02 08:40:47 backend.go:96: Сервер http://localhost:8082 состояние: alive=true
BALANCER 2025/05/02 08:40:57 backend.go:96: Сервер http://localhost:8082 состояние: alive=true
BALANCER 2025/05/02 08:40:57 backend.go:96: Сервер http://localhost:8081 состояние: alive=true
BALANCER 2025/05/02 08:40:57 backend.go:96: Сервер http://localhost:8083 состояние: alive=true
BALANCER 2025/05/02 08:41:06 main.go:109: завершение работы...
BALANCER 2025/05/02 08:41:06 main.go:30: Завершение работы балансировщика
BALANCER 2025/05/02 08:41:28 main.go:103: запуск сервера на :8080
BALANCER 2025/05/02 08:41:38 backend.go:96: Сервер http://localhost:8083 состояние: alive=false
BALANCER 2025/05/02 08:41:38 backend.go:96: Сервер http://localhost:8081 состояние: alive=false
BALANCER 2025/05/02 08:41:38 backend.go:96: Сервер http://localhost:8082 состояние: alive=false
BALANCER 2025/05/02 08:41:48 backend.go:96: Сервер http://localhost:8081 состояние: alive=false
BALANCER 2025/05/02 08:41:48 backend.go:96: Сервер http://localhost:8082 состояние: alive=false
BALANCER 2025/05/02 08:41:48 backend.go:96: Сервер http://localhost:8083 состояние: alive=false
BALANCER 2025/05/02 08:41:58 backend.go:96: Сервер http://localhost:8083 состояние: alive=false
BALANCER 2025/05/02 08:41:58 backend.go:96: Сервер http://localhost:8082 состояние: alive=false
BALANCER 2025/05/02 08:41:58 backend.go:96: Сервер http://localhost:8081 состояние: alive=false
BALANCER 2025/05/02 08:42:08 backend.go:96: Сервер http://localhost:8081 состояние: alive=false
BALANCER 2025/05/02 08:42:08 backend.go:96: Сервер http://localhost:8083 состояние: alive=false
BALANCER 2025/05/02 08:42:08 backend.go:96: Сервер http://localhost:8082 состояние: alive=false
BALANCER 2025/05/02 08:42:18 backend.go:96: Сервер http://localhost:8082 состояние: alive=false
BALANCER 2025/05/02 08:42:18 backend.go:96: Сервер http://localhost:8081 состояние: alive=false
BALANCER 2025/05/02 08:42:18 backend.go:96: Сервер http://localhost:8083 состояние: alive=false
BALANCER 2025/05/02 08:42:28 backend.go:96: Сервер http://localhost:8082 состояние: alive=false
BALANCER 2025/05/02 08:42:28 backend.go:96: Сервер http://localhost:8083 состояние: alive=false
BALANCER 2025/05/02 08:42:28 backend.go:96: Сервер http://localhost:8081 состояние: alive=false
BALANCER 2025/05/02 08:42:38 backend.go:96: Сервер http://localhost:8083 состояние: alive=false
BALANCER 2025/05/02 08:42:38 backend.go:96: Сервер http://localhost:8082 состояние: alive=false
BALANCER 2025/05/02 08:42:38 backend.go:96: Сервер http://localhost:8081 состояние: alive=false
BALANCER 2025/05/02 08:42:48 backend.go:96: Сервер http://localhost:8081 состояние: alive=false
BALANCER 2025/05/02 08:42:48 backend.go:96: Сервер http://localhost:8083 состояние: alive=false
BALANCER 2025/05/02 08:42:48 backend.go:96: Сервер http://localhost:8082 состояние: alive=false
BALANCER 2025/05/02 08:42:58 backend.go:96: Сервер http://localhost:8083 состояние: alive=false
BALANCER 2025/05/02 08:42:58 backend.go:96: Сервер http://localhost:8082 состояние: alive=false
BALANCER 2025/05/02 08:42:58 backend.go:96: Сервер http://localhost:8081 состояние: alive=false
BALANCER 2025/05/02 08:43:08 backend.go:96: Сервер http://localhost:8081 состояние: alive=false
BALANCER 2025/05/02 08:43:08 backend.go:96: Сервер http://localhost:8082 состояние: alive=false
BALANCER 2025/05/02 08:43:08 backend.go:96: Сервер http://localhost:8083 состояние: alive=false
BALANCER 2025/05/02 08:43:18 backend.go:96: Сервер http://localhost:8082 состояние: alive=false
BALANCER 2025/05/02 08:43:18 backend.go:96: Сервер http://localhost:8083 состояние: alive=false
BALANCER 2025/05/02 08:43:18 backend.go:96: Сервер http://localhost:8081 состояние: alive=false
BALANCER 2025/05/02 08:43:28 backend.go:96: Сервер http://localhost:8081 состояние: alive=false
BALANCER 2025/05/02 08:43:28 backend.go:96: Сервер http://localhost:8082 состояние: alive=false
BALANCER 2025/05/02 08:43:28 backend.go:96: Сервер http://localhost:8083 состояние: alive=false
BALANCER 2025/05/02 08:43:38 backend.go:96: Сервер http://localhost:8083 состояние: alive=false
BALANCER 2025/05/02 08:43:38 backend.go:96: Сервер http://localhost:8082 состояние: alive=false
BALANCER 2025/05/02 08:43:38 backend.go:96: Сервер http://localhost:8081 состояние: alive=false
BALANCER 2025/05/02 08:43:48 backend.go:96: Сервер http://localhost:8082 состояние: alive=false
BALANCER 2025/05/02 08:43:48 backend.go:96: Сервер http://localhost:8083 состояние: alive=false
BALANCER 2025/05/02 08:43:48 backend.go:96: Сервер http://localhost:8081 состояние: alive=false
BALANCER 2025/05/02 08:43:58 backend.go:96: Сервер http://localhost:8083 состояние: alive=false
BALANCER 2025/05/02 08:43:58 backend.go:96: Сервер http://localhost:8082 состояние: alive=false
BALANCER 2025/05/02 08:43:58 backend.go:96: Сервер http://localhost:8081 состояние: alive=false
BALANCER 2025/05/02 08:44:08 backend.go:96: Сервер http://localhost:8082 состояние: alive=false
BALANCER 2025/05/02 08:44:08 backend.go:96: Сервер http://localhost:8083 состояние: alive=false
BALANCER 2025/05/02 08:44:08 backend.go:96: Сервер http://localhost:8081 состояние: alive=false
BALANCER 2025/05/02 08:44:18 backend.go:96: Сервер http://localhost:8081 состояние: alive=false
BALANCER 2025/05/02 08:44:18 backend.go:96: Сервер http://localhost:8083 состояние: alive=false
BALANCER 2025/05/02 08:44:18 backend.go:96: Сервер http://localhost:8082 состояние: alive=false
BALANCER 2025/05/02 08:44:28 backend.go:96: Сервер http://localhost:8081 состояние: alive=false
BALANCER 2025/05/02 08:44:28 backend.go:96: Сервер http://localhost:8082 состояние: alive=false
BALANCER 2025/05/02 08:44:28 backend.go:96: Сервер http://localhost:8083 состояние: alive=false
BALANCER 2025/05/02 08:44:38 backend.go:96: Сервер http://localhost:8081 состояние: alive=false
BALANCER 2025/05/02 08:44:38 backend.go:96: Сервер http://localhost:8083 состояние: alive=false
BALANCER 2025/05/02 08:44:38 backend.go:96: Сервер http://localhost:8082 состояние: alive=false
BALANCER 2025/05/02 08:44:48 backend.go:96: Сервер http://localhost:8083 состояние: alive=false
BALANCER 2025/05/02 08:44:48 backend.go:96: Сервер http://localhost:8082 состояние: alive=false
BALANCER 2025/05/02 08:44:48 backend.go:96: Сервер http://localhost:8081 состояние: alive=false
BALANCER 2025/05/02 08:44:58 backend.go:96: Сервер http://localhost:8083 состояние: alive=false
BALANCER 2025/05/02 08:44:58 backend.go:96: Сервер http://localhost:8081 состояние: alive=false
BALANCER 2025/05/02 08:44:58 backend.go:96: Сервер http://localhost:8082 состояние: alive=false
BALANCER 2025/05/02 08:45:08 backend.go:96: Сервер http://localhost:8083 состояние: alive=false
BALANCER 2025/05/02 08:45:08 backend.go:96: Сервер http://localhost:8082 состояние: alive=false
BALANCER 2025/05/02 08:45:08 backend.go:96: Сервер http://localhost:8081 состояние: alive=false
BALANCER 2025/05/02 08:45:18 backend.go:96: Сервер http://localhost:8081 состояние: alive=false
BALANCER 2025/05/02 08:45:18 backend.go:96: Сервер http://localhost:8083 состояние: alive=false
BALANCER 2025/05/02 08:45:18 backend.go:96: Сервер http://localhost:8082 состояние: alive=false
BALANCER 2025/05/02 08:45:25 main.go:111: завершение работы...
BALANCER 2025/05/02 08:45:25 main.go:31: Завершение работы балансировщика
BALANCER 2025/05/02 08:45:29 main.go:103: запуск сервера на :8080
BALANCER 2025/05/02 08:45:39 backend.go:96: Сервер http://localhost:8081 состояние: alive=true
BALANCER 2025/05/02 08:45:39 backend.go:96: Сервер http://localhost:8083 состояние: alive=true
BALANCER 2025/05/02 08:45:39 backend.go:96: Сервер http://localhost:8082 состояние: alive=true
BALANCER 2025/05/02 08:45:49 backend.go:96: Сервер http://localhost:8082 состояние: alive=true
BALANCER 2025/05/02 08:45:49 backend.go:96: Сервер http://localhost:8083 состояние: alive=true
BALANCER 2025/05/02 08:45:49 backend.go:96: Сервер http://localhost:8081 состояние: alive=true
BALANCER 2025/05/02 08:45:59 backend.go:96: Сервер http://localhost:8082 состояние: alive=true
BALANCER 2025/05/02 08:45:59 backend.go:96: Сервер http://localhost:8081 состояние: alive=true
BALANCER 2025/05/02 08:45:59 backend.go:96: Сервер http://localhost:8083 состояние: alive=true
BALANCER 2025/05/02 08:46:09 backend.go:96: Сервер http://localhost:8082 состояние: alive=true
BALANCER 2025/05/02 08:46:09 backend.go:96: Сервер http://localhost:8083 состояние: alive=true
BALANCER 2025/05/02 08:46:09 backend.go:96: Сервер http://localhost:8081 состояние: alive=true
BALANCER 2025/05/02 08:46:19 backend.go:96: Сервер http://localhost:8083 состояние: alive=true
BALANCER 2025/05/02 08:46:19 backend.go:96: Сервер http://localhost:8081 состояние: alive=true
BALANCER 2025/05/02 08:46:19 backend.go:96: Сервер http://localhost:8082 состояние: alive=true
BALANCER 2025/05/02 08:46:29 backend.go:96: Сервер http://localhost:8081 состояние: alive=true
BALANCER 2025/05/02 08:46:29 backend.go:96: Сервер http://localhost:8083 состояние: alive=true
BALANCER 2025/05/02 08:46:29 backend.go:96: Сервер http://localhost:8082 состояние: alive=true
BALANCER 2025/05/02 08:46:39 backend.go:96: Сервер http://localhost:8082 состояние: alive=true
BALANCER 2025/05/02 08:46:39 backend.go:96: Сервер http://localhost:8081 состояние: alive=true
BALANCER 2025/05/02 08:46:39 backend.go:96: Сервер http://localhost:8083 состояние: alive=true
BALANCER 2025/05/02 08:46:49 backend.go:96: Сервер http://localhost:8082 состояние: alive=true
BALANCER 2025/05/02 08:46:49 backend.go:96: Сервер http://localhost:8083 состояние: alive=true
BALANCER 2025/05/02 08:46:49 backend.go:96: Сервер http://localhost:8081 состояние: alive=true
BALANCER 2025/05/02 08:46:59 backend.go:96: Сервер http://localhost:8083 состояние: alive=true
BALANCER 2025/05/02 08:46:59 backend.go:96: Сервер http://localhost:8081 состояние: alive=true
BALANCER 2025/05/02 08:46:59 backend.go:96: Сервер http://localhost:8082 состояние: alive=true
BALANCER 2025/05/02 08:47:09 backend.go:96: Сервер http://localhost:8082 состояние: alive=true
BALANCER 2025/05/02 08:47:09 backend.go:96: Сервер http://localhost:8083 состояние: alive=true
BALANCER 2025/05/02 08:47:09 backend.go:96: Сервер http://localhost:8081 состояние: alive=true
BALANCER 2025/05/02 08:47:19 backend.go:96: Сервер http://localhost:8081 состояние: alive=true
BALANCER 2025/05/02 08:47:19 backend.go:96: Сервер http://localhost:8082 состояние: alive=true
BALANCER 2025/05/02 08:47:19 backend.go:96: Сервер http://localhost:8083 состояние: alive=true
BALANCER 2025/05/02 08:47:29 backend.go:96: Сервер http://localhost:8082 состояние: alive=true
BALANCER 2025/05/02 08:47:29 backend.go:96: Сервер http://localhost:8083 состояние: alive=true
BALANCER 2025/05/02 08:47:29 backend.go:96: Сервер http://localhost:8081 состояние: alive=true
BALANCER 2025/05/02 08:47:39 backend.go:96: Сервер http://localhost:8082 состояние: alive=true
BALANCER 2025/05/02 08:47:39 backend.go:96: Сервер http://localhost:8081 состояние: alive=true
BALANCER 2025/05/02 08:47:39 backend.go:96: Сервер http://localhost:8083 состояние: alive=true
BALANCER 2025/05/02 08:47:49 backend.go:96: Сервер http://localhost:8082 состояние: alive=true
BALANCER 2025/05/02 08:47:49 backend.go:96: Сервер http://localhost:8083 состояние: alive=true
BALANCER 2025/05/02 08:47:49 backend.go:96: Сервер http://localhost:8081 состояние: alive=true
BALANCER 2025/05/02 08:47:59 backend.go:96: Сервер http://localhost:8081 состояние: alive=true
BALANCER 2025/05/02 08:47:59 backend.go:96: Сервер http://localhost:8083 состояние: alive=true
BALANCER 2025/05/02 08:47:59 backend.go:96: Сервер http://localhost:8082 состояние: alive=true
BALANCER 2025/05/02 08:48:09 backend.go:96: Сервер http://localhost:8081 состояние: alive=true
BALANCER 2025/05/02 08:48:09 backend.go:96: Сервер http://localhost:8083 состояние: alive=true
BALANCER 2025/05/02 08:48:09 backend.go:96: Сервер http://localhost:8082 состояние: alive=true
BALANCER 2025/05/02 08:48:19 backend.go:96: Сервер http://localhost:8083 состояние: alive=true
BALANCER 2025/05/02 08:48:19 backend.go:96: Сервер http://localhost:8082 состояние: alive=true
BALANCER 2025/05/02 08:48:19 backend.go:96: Сервер http://localhost:8081 состояние: alive=true
BALANCER 2025/05/02 08:48:29 backend.go:96: Сервер http://localhost:8081 состояние: alive=true
BALANCER 2025/05/02 08:48:29 backend.go:96: Сервер http://localhost:8083 состояние: alive=true
BALANCER 2025/05/02 08:48:29 backend.go:96: Сервер http://localhost:8082 состояние: alive=true
BALANCER 2025/05/02 08:48:39 backend.go:96: Сервер http://localhost:8082 состояние: alive=true
BALANCER 2025/05/02 08:48:39 backend.go:96: Сервер http://localhost:8081 состояние: alive=true
BALANCER 2025/05/02 08:48:39 backend.go:96: Сервер http://localhost:8083 состояние: alive=true
BALANCER 2025/05/02 08:48:49 backend.go:96: Сервер http://localhost:8082 состояние: alive=true
BALANCER 2025/05/02 08:48:49 backend.go:96: Сервер http://localhost:8083 состояние: alive=true
BALANCER 2025/05/02 08:48:49 backend.go:96: Сервер http://localhost:8081 состояние: alive=true
BALANCER 2025/05/02 08:48:59 backend.go:96: Сервер http://localhost:8083 состояние: alive=true
BALANCER 2025/05/02 08:48:59 backend.go:96: Сервер http://localhost:8082 состояние: alive=true
BALANCER 2025/05/02 08:48:59 backend.go:96: Сервер http://localhost:8081 состояние: alive=true
BALANCER 2025/05/02 08:49:09 backend.go:96: Сервер http://localhost:8081 состояние: alive=true
BALANCER 2025/05/02 08:49:09 backend.go:96: Сервер http://localhost:8083 состояние: alive=true
BALANCER 2025/05/02 08:49:09 backend.go:96: Сервер http://localhost:8082 состояние: alive=true
BALANCER 2025/05/02 08:49:19 backend.go:96: Сервер http://localhost:8081 состояние: alive=true
BALANCER 2025/05/02 08:49:19 backend.go:96: Сервер http://localhost:8082 состояние: alive=true
BALANCER 2025/05/02 08:49:19 backend.go:96: Сервер http://localhost:8083 состояние: alive=true
BALANCER 2025/05/02 08:49:29 backend.go:96: Сервер http://localhost:8081 состояние: alive=true
BALANCER 2025/05/02 08:49:29 backend.go:96: Сервер http://localhost:8082 состояние: alive=true
BALANCER 2025/05/02 08:49:29 backend.go:96: Сервер http://localhost:8083 состояние: alive=true
BALANCER 2025/05/02 08:49:39 backend.go:96: Сервер http://localhost:8081 состояние: alive=true
BALANCER 2025/05/02 08:49:39 backend.go:96: Сервер http://localhost:8083 состояние: alive=true
BALANCER 2025/05/02 08:49:39 backend.go:96: Сервер http://localhost:8082 состояние: alive=true
BALANCER 2025/05/02 08:49:49 backend.go:96: Сервер http://localhost:8082 состояние: alive=true
BALANCER 2025/05/02 08:49:49 backend.go:96: Сервер http://localhost:8081 состояние: alive=true
BALANCER 2025/05/02 08:49:49 backend.go:96: Сервер http://localhost:8083 состояние: alive=true
BALANCER 2025/05/02 08:49:59 backend.go:96: Сервер http://localhost:8082 состояние: alive=true
BALANCER 2025/05/02 08:49:59 backend.go:96: Сервер http://localhost:8083 состояние: alive=true
BALANCER 2025/05/02 08:49:59 backend.go:96: Сервер http://localhost:8081 состояние: alive=true
BALANCER 2025/05/02 08:50:09 backend.go:96: Сервер http://localhost:8082 состояние: alive=true
BALANCER 2025/05/02 08:50:09 backend.go:96: Сервер http://localhost:8083 состояние: alive=true
BALANCER 2025/05/02 08:50:09 backend.go:96: Сервер http://localhost:8081 состояние: alive=true
BALANCER 2025/05/02 08:50:19 backend.go:96: Сервер http://localhost:8082 состояние: alive=true
BALANCER 2025/05/02 08:50:19 backend.go:96: Сервер http://localhost:8081 состояние: alive=true
BALANCER 2025/05/02 08:50:19 backend.go:96: Сервер http://localhost:8083 состояние: alive=true
BALANCER 2025/05/02 08:50:29 backend.go:96: Сервер http://localhost:8083 состояние: alive=true
BALANCER 2025/05/02 08:50:29 backend.go:96: Сервер http://localhost:8081 состояние: alive=true
BALANCER 2025/05/02 08:50:29 backend.go:96: Сервер http://localhost:8082 состояние: alive=true
BALANCER 2025/05/02 08:50:39 backend.go:96: Сервер http://localhost:8083 состояние: alive=true
BALANCER 2025/05/02 08:50:39 backend.go:96: Сервер http://localhost:8081 состояние: alive=true
BALANCER 2025/05/02 08:50:39 backend.go:96: Сервер http://localhost:8082 состояние: alive=true
BALANCER 2025/05/02 08:50:49 backend.go:96: Сервер http://localhost:8082 состояние: alive=true
BALANCER 2025/05/02 08:50:49 backend.go:96: Сервер http://localhost:8083 состояние: alive=true
BALANCER 2025/05/02 08:50:49 backend.go:96: Сервер http://localhost:8081 состояние: alive=true
BALANCER 2025/05/02 08:50:59 backend.go:96: Сервер http://localhost:8083 состояние: alive=true
BALANCER 2025/05/02 08:50:59 backend.go:96: Сервер http://localhost:8082 состояние: alive=true
BALANCER 2025/05/02 08:50:59 backend.go:96: Сервер http://localhost:8081 состояние: alive=true
BALANCER 2025/05/02 08:51:09 backend.go:96: Сервер http://localhost:8081 состояние: alive=true
BALANCER 2025/05/02 08:51:09 backend.go:96: Сервер http://localhost:8083 состояние: alive=true
BALANCER 2025/05/02 08:51:09 backend.go:96: Сервер http://localhost:8082 состояние: alive=true
BALANCER 2025/05/02 08:51:19 backend.go:96: Сервер http://localhost:8082 состояние: alive=true
BALANCER 2025/05/02 08:51:19 backend.go:96: Сервер http://localhost:8081 состояние: alive=true
BALANCER 2025/05/02 08:51:19 backend.go:96: Сервер http://localhost:8083 состояние: alive=true
BALANCER 2025/05/02 08:51:29 backend.go:96: Сервер http://localhost:8083 состояние: alive=true
BALANCER 2025/05/02 08:51:29 backend.go:96: Сервер http://localhost:8082 состояние: alive=true
BALANCER 2025/05/02 08:51:29 backend.go:96: Сервер http://localhost:8081 состояние: alive=true
BALANCER 2025/05/02 08:51:39 backend.go:96: Сервер http://localhost:8082 состояние: alive=true
BALANCER 2025/05/02 08:51:39 backend.go:96: Сервер http://localhost:8083 состояние: alive=true
BALANCER 2025/05/02 08:51:39 backend.go:96: Сервер http://localhost:8081 состояние: alive=true
BALANCER 2025/05/02 08:51:49 backend.go:96: Сервер http://localhost:8083 состояние: alive=true
BALANCER 2025/05/02 08:51:49 backend.go:96: Сервер http://localhost:8081 состояние: alive=true
BALANCER 2025/05/02 08:51:49 backend.go:96: Сервер http://localhost:8082 состояние: alive=true
BALANCER 2025/05/02 08:51:59 backend.go:96: Сервер http://localhost:8081 состояние: alive=true
BALANCER 2025/05/02 08:51:59 backend.go:96: Сервер http://localhost:8082 состояние: alive=true
BALANCER 2025/05/02 08:51:59 backend.go:96: Сервер http://localhost:8083 состояние: alive=true
BALANCER 2025/05/02 08:52:09 backend.go:96: Сервер http://localhost:8082 состояние: alive=true
BALANCER 2025/05/02 08:52:09 backend.go:96: Сервер http://localhost:8081 состояние: alive=true
BALANCER 2025/05/02 08:52:09 backend.go:96: Сервер http://localhost:8083 состояние: alive=true
BALANCER 2025/05/02 08:52:19 backend.go:96: Сервер http://localhost:8083 состояние: alive=true
BALANCER 2025/05/02 08:52:19 backend.go:96: Сервер http://localhost:8082 состояние: alive=true
BALANCER 2025/05/02 08:52:19 backend.go:96: Сервер http://localhost:8081 состояние: alive=true
BALANCER 2025/05/02 08:52:29 backend.go:96: Сервер http://localhost:8083 состояние: alive=true
BALANCER 2025/05/02 08:52:29 backend.go:96: Сервер http://localhost:8082 состояние: alive=true
BALANCER 2025/05/02 08:52:29 backend.go:96: Сервер http://localhost:8081 состояние: alive=true
BALANCER 2025/05/02 08:52:39 backend.go:96: Сервер http://localhost:8083 состояние: alive=true
BALANCER 2025/05/02 08:52:39 backend.go:96: Сервер http://localhost:8081 состояние: alive=true
BALANCER 2025/05/02 08:52:39 backend.go:96: Сервер http://localhost:8082 состояние: alive=true
BALANCER 2025/05/02 08:52:43 main.go:111: завершение работы...
BALANCER 2025/05/02 08:52:43 main.go:31: Завершение работы балансировщика
BALANCER 2025/05/02 08:52:52 main.go:103: запуск сервера на :8080
BALANCER 2025/05/02 08:53:02 backend.go:96: Сервер http://localhost:8083 состояние: alive=true
BALANCER 2025/05/02 08:53:02 backend.go:96: Сервер http://localhost:8082 состояние: alive=true
BALANCER 2025/05/02 08:53:02 backend.go:96: Сервер http://localhost:8081 состояние: alive=true
BALANCER 2025/05/02 08:53:12 backend.go:96: Сервер http://localhost:8083 состояние: alive=true
BALANCER 2025/05/02 08:53:12 backend.go:96: Сервер http://localhost:8081 состояние: alive=true
BALANCER 2025/05/02 08:53:12 backend.go:96: Сервер http://localhost:8082 состояние: alive=true
BALANCER 2025/05/02 08:53:22 backend.go:96: Сервер http://localhost:8082 состояние: alive=true
BALANCER 2025/05/02 08:53:22 backend.go:96: Сервер http://localhost:8081 состояние: alive=true
BALANCER 2025/05/02 08:53:22 backend.go:96: Сервер http://localhost:8083 состояние: alive=true
BALANCER 2025/05/02 08:53:32 backend.go:96: Сервер http://localhost:8081 состояние: alive=true
BALANCER 2025/05/02 08:53:32 backend.go:96: Сервер http://localhost:8083 состояние: alive=true
BALANCER 2025/05/02 08:53:32 backend.go:96: Сервер http://localhost:8082 состояние: alive=true
BALANCER 2025/05/02 08:53:42 backend.go:96: Сервер http://localhost:8081 состояние: alive=true
BALANCER 2025/05/02 08:53:42 backend.go:96: Сервер http://localhost:8083 состояние: alive=true
BALANCER 2025/05/02 08:53:42 backend.go:96: Сервер http://localhost:8082 состояние: alive=true
BALANCER 2025/05/02 08:53:52 backend.go:96: Сервер http://localhost:8082 состояние: alive=true
BALANCER 2025/05/02 08:53:52 backend.go:96: Сервер http://localhost:8081 состояние: alive=true
BALANCER 2025/05/02 08:53:52 backend.go:96: Сервер http://localhost:8083 состояние: alive=true
BALANCER 2025/05/02 08:54:02 backend.go:96: Сервер http://localhost:8082 состояние: alive=true
BALANCER 2025/05/02 08:54:02 backend.go:96: Сервер http://localhost:8083 состояние: alive=true
BALANCER 2025/05/02 08:54:02 backend.go:96: Сервер http://localhost:8081 состояние: alive=true
BALANCER 2025/05/02 08:54:12 backend.go:96: Сервер http://localhost:8081 состояние: alive=true
BALANCER 2025/05/02 08:54:12 backend.go:96: Сервер http://localhost:8083 состояние: alive=true
BALANCER 2025/05/02 08:54:12 backend.go:96: Сервер http://localhost:8082 состояние: alive=true
BALANCER 2025/05/02 08:54:22 backend.go:96: Сервер http://localhost:8082 состояние: alive=true
BALANCER 2025/05/02 08:54:22 backend.go:96: Сервер http://localhost:8081 состояние: alive=true
BALANCER 2025/05/02 08:54:22 backend.go:96: Сервер http://localhost:8083 состояние: alive=true
BALANCER 2025/05/02 08:54:32 backend.go:96: Сервер http://localhost:8083 состояние: alive=true
BALANCER 2025/05/02 08:54:32 backend.go:96: Сервер http://localhost:8082 состояние: alive=true
BALANCER 2025/05/02 08:54:32 backend.go:96: Сервер http://localhost:8081 состояние: alive=true
BALANCER 2025/05/02 08:54:42 backend.go:96: Сервер http://localhost:8081 состояние: alive=true
BALANCER 2025/05/02 08:54:42 backend.go:96: Сервер http://localhost:8083 состояние: alive=true
BALANCER 2025/05/02 08:54:42 backend.go:96: Сервер http://localhost:8082 состояние: alive=true
BALANCER 2025/05/02 08:54:43 main.go:111: завершение работы...
BALANCER 2025/05/02 08:54:43 main.go:31: Завершение работы балансировщика
BALANCER 2025/05/02 08:54:46 main.go:103: запуск сервера на :8080
BALANCER 2025/05/02 08:54:49 balancer.go:45: Входящий запрос: GET /
BALANCER 2025/05/02 08:54:49 balancer.go:59: Перенаправление на сервер: http://localhost:8081
BALANCER 2025/05/02 08:54:49 balancer.go:45: Входящий запрос: GET /
BALANCER 2025/05/02 08:54:49 balancer.go:59: Перенаправление на сервер: http://localhost:8081
BALANCER 2025/05/02 08:54:49 balancer.go:45: Входящий запрос: GET /
BALANCER 2025/05/02 08:54:49 balancer.go:59: Перенаправление на сервер: http://localhost:8082
BALANCER 2025/05/02 08:54:49 balancer.go:45: Входящий запрос: GET /
BALANCER 2025/05/02 08:54:49 balancer.go:59: Перенаправление на сервер: http://localhost:8083
BALANCER 2025/05/02 08:54:49 balancer.go:45: Входящий запрос: GET /
BALANCER 2025/05/02 08:54:49 balancer.go:59: Перенаправление на сервер: http://localhost:8081
BALANCER 2025/05/02 08:54:49 balancer.go:45: Входящий запрос: GET /
BALANCER 2025/05/02 08:54:49 balancer.go:59: Перенаправление на сервер: http://localhost:8082
BALANCER 2025/05/02 08:54:49 balancer.go:45: Входящий запрос: GET /
BALANCER 2025/05/02 08:54:49 balancer.go:59: Перенаправление на сервер: http://localhost:8083
BALANCER 2025/05/02 08:54:49 balancer.go:45: Входящий запрос: GET /
BALANCER 2025/05/02 08:54:49 balancer.go:59: Перенаправление на сервер: http://localhost:8081
BALANCER 2025/05/02 08:54:49 balancer.go:45: Входящий запрос: GET /
BALANCER 2025/05/02 08:54:49 balancer.go:59: Перенаправление на сервер: http://localhost:8082
BALANCER 2025/05/02 08:54:49 balancer.go:45: Входящий запрос: GET /
BALANCER 2025/05/02 08:54:49 balancer.go:59: Перенаправление на сервер: http://localhost:8083
BALANCER 2025/05/02 08:54:49 balancer.go:45: Входящий запрос: GET /
BALANCER 2025/05/02 08:54:49 balancer.go:59: Перенаправление на сервер: http://localhost:8081
BALANCER 2025/05/02 08:54:49 balancer.go:45: Входящий запрос: GET /
BALANCER 2025/05/02 08:54:49 balancer.go:59: Перенаправление на сервер: http://localhost:8081
BALANCER 2025/05/02 08:54:49 balancer.go:45: Входящий запрос: GET /
BALANCER 2025/05/02 08:54:49 balancer.go:59: Перенаправление на сервер: http://localhost:8082
BALANCER 2025/05/02 08:54:49 balancer.go:45: Входящий запрос: GET /
BALANCER 2025/05/02 08:54:49 balancer.go:59: Перенаправление на сервер: http://localhost:8083
BALANCER 2025/05/02 08:54:49 balancer.go:45: Входящий запрос: GET /
BALANCER 2025/05/02 08:54:49 balancer.go:59: Перенаправление на сервер: http://localhost:8081
BALANCER 2025/05/02 08:54:49 balancer.go:45: Входящий запрос: GET /
BALANCER 2025/05/02 08:54:49 balancer.go:59: Перенаправление на сервер: http://localhost:8082
BALANCER 2025/05/02 08:54:49 balancer.go:45: Входящий запрос: GET /
BALANCER 2025/05/02 08:54:49 balancer.go:59: Перенаправление на сервер: http://localhost:8083
BALANCER 2025/05/02 08:54:49 balancer.go:45: Входящий запрос: GET /
BALANCER 2025/05/02 08:54:49 balancer.go:59: Перенаправление на сервер: http://localhost:8081
BALANCER 2025/05/02 08:54:49 balancer.go:45: Входящий запрос: GET /
BALANCER 2025/05/02 08:54:49 balancer.go:59: Перенаправление на сервер: http://localhost:8082
BALANCER 2025/05/02 08:54:49 balancer.go:45: Входящий запрос: GET /
BALANCER 2025/05/02 08:54:49 balancer.go:59: Перенаправление на сервер: http://localhost:8083
BALANCER 2025/05/02 08:54:49 balancer.go:45: Входящий запрос: GET /
BALANCER 2025/05/02 08:54:49 balancer.go:59: Перенаправление на сервер: http://localhost:8081
BALANCER 2025/05/02 08:54:49 balancer.go:45: Входящий запрос: GET /
BALANCER 2025/05/02 08:54:49 balancer.go:59: Перенаправление на сервер: http://localhost:8081
BALANCER 2025/05/02 08:54:49 balancer.go:45: Входящий запрос: GET /
BALANCER 2025/05/02 08:54:49 balancer.go:59: Перенаправление на сервер: http://localhost:8082
BALANCER 2025/05/02 08:54:49 balancer.go:45: Входящий запрос: GET /
BALANCER 2025/05/02 08:54:49 balancer.go:59: Перенаправление на сервер: http://localhost:8083
BALANCER 2025/05/02 08:54:49 balancer.go:45: Входящий запрос: GET /
BALANCER 2025/05/02 08:54:49 balancer.go:59: Перенаправление на сервер: http://localhost:8082
BALANCER 2025/05/02 08:54:49 balancer.go:45: Входящий запрос: GET /
BALANCER 2025/05/02 08:54:49 balancer.go:59: Перенаправление на сервер: http://localhost:8083
BALANCER 2025/05/02 08:54:49 balancer.go:45: Входящий запрос: GET /
BALANCER 2025/05/02 08:54:49 balancer.go:59: Перенаправление на сервер: http://localhost:8081
BALANCER 2025/05/02 08:54:49 balancer.go:45: Входящий запрос: GET /
BALANCER 2025/05/02 08:54:49 balancer.go:59: Перенаправление на сервер: http://localhost:8081
BALANCER 2025/05/02 08:54:49 balancer.go:45: Входящий запрос: GET /
BALANCER 2025/05/02 08:54:49 balancer.go:59: Перенаправление на сервер: http://localhost:8082
BALANCER 2025/05/02 08:54:49 balancer.go:45: Входящий запрос: GET /
BALANCER 2025/05/02 08:54:49 balancer.go:59: Перенаправление на сервер: http://localhost:8083
BALANCER 2025/05/02 08:54:49 balancer.go:45: Входящий запрос: GET /
BALANCER 2025/05/02 08:54:49 balancer.go:59: Перенаправление на сервер: http://localhost:8081
BALANCER 2025/05/02 08:54:49 balancer.go:45: Входящий запрос: GET /
BALANCER 2025/05/02 08:54:49 balancer.go:59: Перенаправление на сервер: http://localhost:8081
BALANCER 2025/05/02 08:54:49 balancer.go:45: Входящий запрос: GET /
BALANCER 2025/05/02 08:54:49 balancer.go:59: Перенаправление на сервер: http://localhost:8082
BALANCER 2025/05/02 08:54:49 balancer.go:45: Входящий запрос: GET /
BALANCER 2025/05/02 08:54:49 balancer.go:59: Перенаправление на сервер: http://localhost:8083
BALANCER 2025/05/02 08:54:49 balancer.go:45: Входящий запрос: GET /
BALANCER 2025/05/02 08:54:49 balancer.go:59: Перенаправление на сервер: http://localhost:8082
BALANCER 2025/05/02 08:54:49 balancer.go:45: Входящий запрос: GET /
BALANCER 2025/05/02 08:54:49 balancer.go:59: Перенаправление на сервер: http://localhost:8083
BALANCER 2025/05/02 08:54:49 balancer.go:45: Входящий запрос: GET /
BALANCER 2025/05/02 08:54:49 balancer.go:59: Перенаправление на сервер: http://localhost:8081
BALANCER 2025/05/02 08:54:49 balancer.go:45: Входящий запрос: GET /
BALANCER 2025/05/02 08:54:49 balancer.go:59: Перенаправление на сервер: http://localhost:8081
BALANCER 2025/05/02 08:54:49 balancer.go:45: Входящий запрос: GET /
BALANCER 2025/05/02 08:54:49 balancer.go:59: Перенаправление на сервер: http://localhost:8082
BALANCER 2025/05/02 08:54:49 balancer.go:45: Входящий запрос: GET /
BALANCER 2025/05/02 08:54:49 balancer.go:59: Перенаправление на сервер: http://localhost:8083
BALANCER 2025/05/02 08:54:49 balancer.go:45: Входящий запрос: GET /
BALANCER 2025/05/02 08:54:49 balancer.go:59: Перенаправление на сервер: http://localhost:8081
BALANCER 2025/05/02 08:54:49 balancer.go:45: Входящий запрос: GET /
BALANCER 2025/05/02 08:54:49 balancer.go:59: Перенаправление на сервер: http://localhost:8081
BALANCER 2025/05/02 08:54:49 balancer.go:45: Входящий запрос: GET /
BALANCER 2025/05/02 08:54:49 balancer.go:59: Перенаправление на сервер: http://localhost:8082
BALANCER 2025/05/02 08:54:49 balancer.go:45: Входящий запрос: GET /
BALANCER 2025/05/02 08:54:49 balancer.go:59: Перенаправление на сервер: http://localhost:8083
BALANCER 2025/05/02 08:54:49 balancer.go:45: Входящий запрос: GET /
BALANCER 2025/05/02 08:54:49 balancer.go:59: Перенаправление на сервер: http://localhost:8082
BALANCER 2025/05/02 08:54:49 balancer.go:45: Входящий запрос: GET /
BALANCER 2025/05/02 08:54:49 balancer.go:59: Перенаправление на сервер: http://localhost:8083
BALANCER 2025/05/02 08:54:49 balancer.go:45: Входящий запрос: GET /
BALANCER 2025/05/02 08:54:49 balancer.go:59: Перенаправление на сервер: http://localhost:8081
BALANCER 2025/05/02 08:54:49 balancer.go:45: Входящий запрос: GET /
BALANCER 2025/05/02 08:54:49 balancer.go:59: Перенаправление на сервер: http://localhost:8081
BALANCER 2025/05/02 08:54:49 balancer.go:45: Входящий запрос: GET /
BALANCER 2025/05/02 08:54:49 balancer.go:59: Перенаправление на сервер: http://localhost:8082
BALANCER 2025/05/02 08:54:49 balancer.go:45: Входящий запрос: GET /
BALANCER 2025/05/02 08:54:49 balancer.go:59: Перенаправление на сервер: http://localhost:8083
BALANCER 2025/05/02 08:54:56 backend.go:96: Сервер http://localhost:8081 состояние: alive=true
BALANCER 2025/05/02 08:54:56 backend.go:96: Сервер http://localhost:8083 состояние: alive=true
BALANCER 2025/05/02 08:54:56 backend.go:96: Сервер http://localhost:8082 состояние: alive=true
BALANCER 2025/05/02 08:55:06 backend.go:96: Сервер http://localhost:8081 состояние: alive=true
BALANCER 2025/05/02 08:55:06 backend.go:96: Сервер http://localhost:8082 состояние: alive=true
BALANCER 2025/05/02 08:55:06 backend.go:96: Сервер http://localhost:8083 состояние: alive=true
BALANCER 2025/05/02 08:55:16 backend.go:96: Сервер http://localhost:8083 состояние: alive=true
BALANCER 2025/05/02 08:55:16 backend.go:96: Сервер http://localhost:8082 состояние: alive=true
BALANCER 2025/05/02 08:55:16 backend.go:96: Сервер http://localhost:8081 состояние: alive=true
BALANCER 2025/05/02 08:55:26 backend.go:96: Сервер http://localhost:8082 состояние: alive=true
BALANCER 2025/05/02 08:55:26 backend.go:96: Сервер http://localhost:8083 состояние: alive=true
BALANCER 2025/05/02 08:55:26 backend.go:96: Сервер http://localhost:8081 состояние: alive=true
BALANCER 2025/05/02 08:55:36 backend.go:96: Сервер http://localhost:8081 состояние: alive=true
BALANCER 2025/05/02 08:55:36 backend.go:96: Сервер http://localhost:8083 состояние: alive=true
BALANCER 2025/05/02 08:55:36 backend.go:96: Сервер http://localhost:8082 состояние: alive=true
BALANCER 2025/05/02 08:55:46 backend.go:96: Сервер http://localhost:8082 состояние: alive=true
BALANCER 2025/05/02 08:55:46 backend.go:96: Сервер http://localhost:8081 состояние: alive=true
BALANCER 2025/05/02 08:55:46 backend.go:96: Сервер http://localhost:8083 состояние: alive=true
BALANCER 2025/05/02 08:55:56 backend.go:96: Сервер http://localhost:8082 состояние: alive=true
BALANCER 2025/05/02 08:55:56 backend.go:96: Сервер http://localhost:8083 состояние: alive=true
BALANCER 2025/05/02 08:55:56 backend.go:96: Сервер http://localhost:8081 состояние: alive=true
BALANCER 2025/05/02 08:56:06 backend.go:96: Сервер http://localhost:8081 состояние: alive=true
BALANCER 2025/05/02 08:56:06 backend.go:96: Сервер http://localhost:8082 состояние: alive=true
BALANCER 2025/05/02 08:56:06 backend.go:96: Сервер http://localhost:8083 состояние: alive=true
BALANCER 2025/05/02 08:56:16 backend.go:96: Сервер http://localhost:8082 состояние: alive=true
BALANCER 2025/05/02 08:56:16 backend.go:96: Сервер http://localhost:8081 состояние: alive=true
BALANCER 2025/05/02 08:56:16 backend.go:96: Сервер http://localhost:8083 состояние: alive=true
BALANCER 2025/05/02 08:56:26 backend.go:96: Сервер http://localhost:8083 состояние: alive=true
BALANCER 2025/05/02 08:56:26 backend.go:96: Сервер http://localhost:8081 состояние: alive=true
BALANCER 2025/05/02 08:56:26 backend.go:96: Сервер http://localhost:8082 состояние: alive=true
BALANCER 2025/05/02 08:56:36 backend.go:96: Сервер http://localhost:8081 состояние: alive=true
BALANCER 2025/05/02 08:56:36 backend.go:96: Сервер http://localhost:8082 состояние: alive=true
BALANCER 2025/05/02 08:56:36 backend.go:96: Сервер http://localhost:8083 состояние: alive=true
BALANCER 2025/05/02 08:56:46 backend.go:96: Сервер http://localhost:8083 состояние: alive=true
BALANCER 2025/05/02 08:56:46 backend.go:96: Сервер http://localhost:8081 состояние: alive=true
BALANCER 2025/05/02 08:56:46 backend.go:96: Сервер http://localhost:8082 состояние: alive=true
BALANCER 2025/05/02 08:56:56 backend.go:96: Сервер http://localhost:8083 состояние: alive=true
BALANCER 2025/05/02 08:56:56 backend.go:96: Сервер http://localhost:8081 состояние: alive=true
BALANCER 2025/05/02 08:56:56 backend.go:96: Сервер http://localhost:8082 состояние: alive=true
BALANCER 2025/05/02 08:57:06 backend.go:96: Сервер http://localhost:8082 состояние: alive=true
BALANCER 2025/05/02 08:57:06 backend.go:96: Сервер http://localhost:8083 состояние: alive=true
BALANCER 2025/05/02 08:57:06 backend.go:96: Сервер http://localhost:8081 состояние: alive=true
BALANCER 2025/05/02 08:57:16 backend.go:96: Сервер http://localhost:8081 состояние: alive=true
BALANCER 2025/05/02 08:57:16 backend.go:96: Сервер http://localhost:8083 состояние: alive=true
BALANCER 2025/05/02 08:57:16 backend.go:96: Сервер http://localhost:8082 состояние: alive=true
BALANCER 2025/05/02 08:57:26 backend.go:96: Сервер http://localhost:8083 состояние: alive=true
BALANCER 2025/05/02 08:57:26 backend.go:96: Сервер http://localhost:8081 состояние: alive=true
BALANCER 2025/05/02 08:57:26 backend.go:96: Сервер http://localhost:8082 состояние: alive=true
BALANCER 2025/05/02 08:57:36 backend.go:96: Сервер http://localhost:8082 состояние: alive=true
BALANCER 2025/05/02 08:57:36 backend.go:96: Сервер http://localhost:8081 состояние: alive=true
BALANCER 2025/05/02 08:57:36 backend.go:96: Сервер http://localhost:8083 состояние: alive=true
BALANCER 2025/05/02 08:57:46 backend.go:96: Сервер http://localhost:8081 состояние: alive=true
BALANCER 2025/05/02 08:57:46 backend.go:96: Сервер http://localhost:8083 состояние: alive=true
BALANCER 2025/05/02 08:57:46 backend.go:96: Сервер http://localhost:8082 состояние: alive=true
BALANCER 2025/05/02 08:57:49 main.go:111: завершение работы...
BALANCER 2025/05/02 08:57:49 main.go:31: Завершение работы балансировщика
BALANCER 2025/05/02 08:59:10 main.go:103: запуск сервера на :8080
BALANCER 2025/05/02 08:59:20 backend.go:96: Сервер http://localhost:8082 состояние: alive=true
BALANCER 2025/05/02 08:59:20 backend.go:96: Сервер http://localhost:8081 состояние: alive=true
BALANCER 2025/05/02 08:59:20 backend.go:96: Сервер http://localhost:8083 состояние: alive=true
BALANCER 2025/05/02 08:59:30 backend.go:96: Сервер http://localhost:8082 состояние: alive=true
BALANCER 2025/05/02 08:59:30 backend.go:96: Сервер http://localhost:8083 состояние: alive=true
BALANCER 2025/05/02 08:59:30 backend.go:96: Сервер http://localhost:8081 состояние: alive=true
BALANCER 2025/05/02 08:59:40 backend.go:96: Сервер http://localhost:8082 состояние: alive=true
BALANCER 2025/05/02 08:59:40 backend.go:96: Сервер http://localhost:8081 состояние: alive=true
BALANCER 2025/05/02 08:59:40 backend.go:96: Сервер http://localhost:8083 состояние: alive=true
BALANCER 2025/05/02 08:59:50 backend.go:96: Сервер http://localhost:8081 состояние: alive=true
BALANCER 2025/05/02 08:59:50 backend.go:96: Сервер http://localhost:8082 состояние: alive=true
BALANCER 2025/05/02 08:59:50 backend.go:96: Сервер http://localhost:8083 состояние: alive=true
BALANCER 2025/05/02 09:00:00 backend.go:96: Сервер http://localhost:8082 состояние: alive=true
BALANCER 2025/05/02 09:00:00 backend.go:96: Сервер http://localhost:8083 состояние: alive=true
BALANCER 2025/05/02 09:00:00 backend.go:96: Сервер http://localhost:8081 состояние: alive=true
BALANCER 2025/05/02 09:00:10 backend.go:96: Сервер http://localhost:8082 состояние: alive=true
BALANCER 2025/05/02 09:00:10 backend.go:96: Сервер http://localhost:8083 состояние: alive=true
BALANCER 2025/05/02 09:00:10 backend.go:96: Сервер http://localhost:8081 состояние: alive=true
BALANCER 2025/05/02 09:00:20 backend.go:96: Сервер http://localhost:8081 состояние: alive=true
BALANCER 2025/05/02 09:00:20 backend.go:96: Сервер http://localhost:8083 состояние: alive=true
BALANCER 2025/05/02 09:00:20 backend.go:96: Сервер http://localhost:8082 состояние: alive=true
BALANCER 2025/05/02 09:00:30 backend.go:96: Сервер http://localhost:8083 состояние: alive=true
BALANCER 2025/05/02 09:00:30 backend.go:96: Сервер http://localhost:8082 состояние: alive=true
BALANCER 2025/05/02 09:00:30 backend.go:96: Сервер http://localhost:8081 состояние: alive=true
BALANCER 2025/05/02 09:00:36 balancer.go:45: Входящий запрос: GET /
BALANCER 2025/05/02 09:00:36 balancer.go:59: Перенаправление на сервер: http://localhost:8081
BALANCER 2025/05/02 09:00:36 balancer.go:45: Входящий запрос: GET /
BALANCER 2025/05/02 09:00:36 balancer.go:59: Перенаправление на сервер: http://localhost:8081
BALANCER 2025/05/02 09:00:36 balancer.go:45: Входящий запрос: GET /
BALANCER 2025/05/02 09:00:36 balancer.go:45: Входящий запрос: GET /
BALANCER 2025/05/02 09:00:36 balancer.go:59: Перенаправление на сервер: http://localhost:8081
BALANCER 2025/05/02 09:00:36 balancer.go:59: Перенаправление на сервер: http://localhost:8081
BALANCER 2025/05/02 09:00:36 balancer.go:45: Входящий запрос: GET /
BALANCER 2025/05/02 09:00:36 balancer.go:59: Перенаправление на сервер: http://localhost:8082
BALANCER 2025/05/02 09:00:36 balancer.go:45: Входящий запрос: GET /
BALANCER 2025/05/02 09:00:36 balancer.go:59: Перенаправление на сервер: http://localhost:8083
BALANCER 2025/05/02 09:00:36 balancer.go:45: Входящий запрос: GET /
BALANCER 2025/05/02 09:00:36 balancer.go:59: Перенаправление на сервер: http://localhost:8082
BALANCER 2025/05/02 09:00:36 balancer.go:45: Входящий запрос: GET /
BALANCER 2025/05/02 09:00:36 balancer.go:59: Перенаправление на сервер: http://localhost:8083
BALANCER 2025/05/02 09:00:36 balancer.go:45: Входящий запрос: GET /
BALANCER 2025/05/02 09:00:36 balancer.go:59: Перенаправление на сервер: http://localhost:8081
BALANCER 2025/05/02 09:00:36 balancer.go:45: Входящий запрос: GET /
BALANCER 2025/05/02 09:00:36 balancer.go:45: Входящий запрос: GET /
BALANCER 2025/05/02 09:00:36 balancer.go:59: Перенаправление на сервер: http://localhost:8082
BALANCER 2025/05/02 09:00:36 balancer.go:59: Перенаправление на сервер: http://localhost:8082
BALANCER 2025/05/02 09:00:36 balancer.go:45: Входящий запрос: GET /
BALANCER 2025/05/02 09:00:36 balancer.go:59: Перенаправление на сервер: http://localhost:8083
BALANCER 2025/05/02 09:00:36 balancer.go:45: Входящий запрос: GET /
BALANCER 2025/05/02 09:00:36 balancer.go:45: Входящий запрос: GET /
BALANCER 2025/05/02 09:00:36 balancer.go:59: Перенаправление на сервер: http://localhost:8081
BALANCER 2025/05/02 09:00:36 balancer.go:59: Перенаправление на сервер: http://localhost:8081
BALANCER 2025/05/02 09:00:36 balancer.go:45: Входящий запрос: GET /
BALANCER 2025/05/02 09:00:36 balancer.go:59: Перенаправление на сервер: http://localhost:8081
BALANCER 2025/05/02 09:00:36 balancer.go:45: Входящий запрос: GET /
BALANCER 2025/05/02 09:00:36 balancer.go:59: Перенаправление на сервер: http://localhost:8082
BALANCER 2025/05/02 09:00:36 balancer.go:45: Входящий запрос: GET /
BALANCER 2025/05/02 09:00:36 balancer.go:59: Перенаправление на сервер: http://localhost:8083
BALANCER 2025/05/02 09:00:36 balancer.go:45: Входящий запрос: GET /
BALANCER 2025/05/02 09:00:36 balancer.go:59: Перенаправление на сервер: http://localhost:8082
BALANCER 2025/05/02 09:00:36 balancer.go:45: Входящий запрос: GET /
BALANCER 2025/05/02 09:00:36 balancer.go:59: Перенаправление на сервер: http://localhost:8083
BALANCER 2025/05/02 09:00:36 balancer.go:45: Входящий запрос: GET /
BALANCER 2025/05/02 09:00:36 balancer.go:59: Перенаправление на сервер: http://localhost:8082
BALANCER 2025/05/02 09:00:36 balancer.go:45: Входящий запрос: GET /
BALANCER 2025/05/02 09:00:36 balancer.go:59: Перенаправление на сервер: http://localhost:8083
BALANCER 2025/05/02 09:00:36 balancer.go:45: Входящий запрос: GET /
BALANCER 2025/05/02 09:00:36 balancer.go:59: Перенаправление на сервер: http://localhost:8081
BALANCER 2025/05/02 09:00:36 balancer.go:45: Входящий запрос: GET /
BALANCER 2025/05/02 09:00:36 balancer.go:59: Перенаправление на сервер: http://localhost:8081
BALANCER 2025/05/02 09:00:36 balancer.go:45: Входящий запрос: GET /
BALANCER 2025/05/02 09:00:36 balancer.go:59: Перенаправление на сервер: http://localhost:8081
BALANCER 2025/05/02 09:00:36 balancer.go:45: Входящий запрос: GET /
BALANCER 2025/05/02 09:00:36 balancer.go:59: Перенаправление на сервер: http://localhost:8081
BALANCER 2025/05/02 09:00:36 balancer.go:45: Входящий запрос: GET /
BALANCER 2025/05/02 09:00:36 balancer.go:59: Перенаправление на сервер: http://localhost:8082
BALANCER 2025/05/02 09:00:36 balancer.go:45: Входящий запрос: GET /
BALANCER 2025/05/02 09:00:36 balancer.go:59: Перенаправление на сервер: http://localhost:8083
BALANCER 2025/05/02 09:00:36 balancer.go:45: Входящий запрос: GET /
BALANCER 2025/05/02 09:00:36 balancer.go:59: Перенаправление на сервер: http://localhost:8082
BALANCER 2025/05/02 09:00:36 balancer.go:45: Входящий запрос: GET /
BALANCER 2025/05/02 09:00:36 balancer.go:59: Перенаправление на сервер: http://localhost:8083
BALANCER 2025/05/02 09:00:36 balancer.go:45: Входящий запрос: GET /
BALANCER 2025/05/02 09:00:36 balancer.go:59: Перенаправление на сервер: http://localhost:8082
BALANCER 2025/05/02 09:00:36 balancer.go:45: Входящий запрос: GET /
BALANCER 2025/05/02 09:00:36 balancer.go:59: Перенаправление на сервер: http://localhost:8083
BALANCER 2025/05/02 09:00:36 balancer.go:45: Входящий запрос: GET /
BALANCER 2025/05/02 09:00:36 balancer.go:59: Перенаправление на сервер: http://localhost:8081
BALANCER 2025/05/02 09:00:36 balancer.go:45: Входящий запрос: GET /
BALANCER 2025/05/02 09:00:36 balancer.go:59: Перенаправление на сервер: http://localhost:8081
BALANCER 2025/05/02 09:00:36 balancer.go:45: Входящий запрос: GET /
BALANCER 2025/05/02 09:00:36 balancer.go:59: Перенаправление на сервер: http://localhost:8081
BALANCER 2025/05/02 09:00:36 balancer.go:45: Входящий запрос: GET /
BALANCER 2025/05/02 09:00:36 balancer.go:59: Перенаправление на сервер: http://localhost:8081
BALANCER 2025/05/02 09:00:36 balancer.go:45: Входящий запрос: GET /
BALANCER 2025/05/02 09:00:36 balancer.go:59: Перенаправление на сервер: http://localhost:8082
BALANCER 2025/05/02 09:00:36 balancer.go:45: Входящий запрос: GET /
BALANCER 2025/05/02 09:00:36 balancer.go:59: Перенаправление на сервер: http://localhost:8082
BALANCER 2025/05/02 09:00:36 balancer.go:45: Входящий запрос: GET /
BALANCER 2025/05/02 09:00:36 balancer.go:59: Перенаправление на сервер: http://localhost:8083
BALANCER 2025/05/02 09:00:36 balancer.go:45: Входящий запрос: GET /
BALANCER 2025/05/02 09:00:36 balancer.go:59: Перенаправление на сервер: http://localhost:8083
BALANCER 2025/05/02 09:00:36 balancer.go:45: Входящий запрос: GET /
BALANCER 2025/05/02 09:00:36 balancer.go:59: Перенаправление на сервер: http://localhost:8082
BALANCER 2025/05/02 09:00:36 balancer.go:45: Входящий запрос: GET /
BALANCER 2025/05/02 09:00:36 balancer.go:59: Перенаправление на сервер: http://localhost:8083
BALANCER 2025/05/02 09:00:36 balancer.go:45: Входящий запрос: GET /
BALANCER 2025/05/02 09:00:36 balancer.go:59: Перенаправление на сервер: http://localhost:8081
BALANCER 2025/05/02 09:00:36 balancer.go:45: Входящий запрос: GET /
BALANCER 2025/05/02 09:00:36 balancer.go:59: Перенаправление на сервер: http://localhost:8081
BALANCER 2025/05/02 09:00:36 balancer.go:45: Входящий запрос: GET /
BALANCER 2025/05/02 09:00:36 balancer.go:59: Перенаправление на сервер: http://localhost:8081
BALANCER 2025/05/02 09:00:36 balancer.go:45: Входящий запрос: GET /
BALANCER 2025/05/02 09:00:36 balancer.go:59: Перенаправление на сервер: http://localhost:8081
BALANCER 2025/05/02 09:00:36 balancer.go:45: Входящий запрос: GET /
BALANCER 2025/05/02 09:00:36 balancer.go:45: Входящий запрос: GET /
BALANCER 2025/05/02 09:00:36 balancer.go:59: Перенаправление на сервер: http://localhost:8082
BALANCER 2025/05/02 09:00:36 balancer.go:59: Перенаправление на сервер: http://localhost:8082
BALANCER 2025/05/02 09:00:36 balancer.go:45: Входящий запрос: GET /
BALANCER 2025/05/02 09:00:36 balancer.go:59: Перенаправление на сервер: http://localhost:8083
BALANCER 2025/05/02 09:00:36 balancer.go:45: Входящий запрос: GET /
BALANCER 2025/05/02 09:00:36 balancer.go:59: Перенаправление на сервер: http://localhost:8083
BALANCER 2025/05/02 09:00:36 balancer.go:45: Входящий запрос: GET /
BALANCER 2025/05/02 09:00:36 balancer.go:59: Перенаправление на сервер: http://localhost:8082
BALANCER 2025/05/02 09:00:40 backend.go:96: Сервер http://localhost:8081 состояние: alive=true
BALANCER 2025/05/02 09:00:40 backend.go:96: Сервер http://localhost:8083 состояние: alive=true
BALANCER 2025/05/02 09:00:40 backend.go:96: Сервер http://localhost:8082 состояние: alive=true
BALANCER 2025/05/02 09:00:50 backend.go:96: Сервер http://localhost:8083 состояние: alive=true
BALANCER 2025/05/02 09:00:50 backend.go:96: Сервер http://localhost:8081 состояние: alive=true
BALANCER 2025/05/02 09:00:50 backend.go:96: Сервер http://localhost:8082 состояние: alive=true
BALANCER 2025/05/02 09:01:00 backend.go:96: Сервер http://localhost:8083 состояние: alive=true
BALANCER 2025/05/02 09:01:00 backend.go:96: Сервер http://localhost:8082 состояние: alive=true
BALANCER 2025/05/02 09:01:00 backend.go:96: Сервер http://localhost:8081 состояние: alive=true
BALANCER 2025/05/02 09:01:10 backend.go:96: Сервер http://localhost:8082 состояние: alive=true
BALANCER 2025/05/02 09:01:10 backend.go:96: Сервер http://localhost:8081 состояние: alive=true
BALANCER 2025/05/02 09:01:10 backend.go:96: Сервер http://localhost:8083 состояние: alive=true
BALANCER 2025/05/02 09:01:20 backend.go:96: Сервер http://localhost:8081 состояние: alive=true
BALANCER 2025/05/02 09:01:20 backend.go:96: Сервер http://localhost:8083 состояние: alive=true
BALANCER 2025/05/02 09:01:20 backend.go:96: Сервер http://localhost:8082 состояние: alive=true
BALANCER 2025/05/02 09:01:30 backend.go:96: Сервер http://localhost:8082 состояние: alive=true
BALANCER 2025/05/02 09:01:30 backend.go:96: Сервер http://localhost:8083 состояние: alive=true
BALANCER 2025/05/02 09:01:30 backend.go:96: Сервер http://localhost:8081 состояние: alive=true
BALANCER 2025/05/02 09:01:40 backend.go:96: Сервер http://localhost:8081 состояние: alive=true
BALANCER 2025/05/02 09:01:40 backend.go:96: Сервер http://localhost:8083 состояние: alive=true
BALANCER 2025/05/02 09:01:40 backend.go:96: Сервер http://localhost:8082 состояние: alive=true
BALANCER 2025/05/02 09:01:50 backend.go:96: Сервер http://localhost:8081 состояние: alive=true
BALANCER 2025/05/02 09:01:50 backend.go:96: Сервер http://localhost:8083 состояние: alive=true
BALANCER 2025/05/02 09:01:50 backend.go:96: Сервер http://localhost:8082 состояние: alive=true
BALANCER 2025/05/02 09:02:00 backend.go:96: Сервер http://localhost:8083 состояние: alive=true
BALANCER 2025/05/02 09:02:00 backend.go:96: Сервер http://localhost:8081 состояние: alive=true
BALANCER 2025/05/02 09:02:00 backend.go:96: Сервер http://localhost:8082 состояние: alive=true
BALANCER 2025/05/02 09:02:10 backend.go:96: Сервер http://localhost:8082 состояние: alive=true
BALANCER 2025/05/02 09:02:10 backend.go:96: Сервер http://localhost:8081 состояние: alive=true
BALANCER 2025/05/02 09:02:10 backend.go:96: Сервер http://localhost:8083 состояние: alive=true
BALANCER 2025/05/02 09:02:20 backend.go:96: Сервер http://localhost:8083 состояние: alive=true
BALANCER 2025/05/02 09:02:20 backend.go:96: Сервер http://localhost:8081 состояние: alive=true
BALANCER 2025/05/02 09:02:20 backend.go:96: Сервер http://localhost:8082 состояние: alive=true
BALANCER 2025/05/02 09:02:30 backend.go:96: Сервер http://localhost:8082 состояние: alive=true
BALANCER 2025/05/02 09:02:30 backend.go:96: Сервер http://localhost:8081 состояние: alive=true
BALANCER 2025/05/02 09:02:30 backend.go:96: Сервер http://localhost:8083 состояние: alive=true
BALANCER 2025/05/02 09:02:40 backend.go:96: Сервер http://localhost:8081 состояние: alive=true
BALANCER 2025/05/02 09:02:40 backend.go:96: Сервер http://localhost:8082 состояние: alive=true
BALANCER 2025/05/02 09:02:40 backend.go:96: Сервер http://localhost:8083 состояние: alive=true
BALANCER 2025/05/02 09:02:50 backend.go:96: Сервер http://localhost:8083 состояние: alive=true
BALANCER 2025/05/02 09:02:50 backend.go:96: Сервер http://localhost:8082 состояние: alive=true
BALANCER 2025/05/02 09:02:50 backend.go:96: Сервер http://localhost:8081 состояние: alive=true
BALANCER 2025/05/02 09:03:00 backend.go:96: Сервер http://localhost:8081 состояние: alive=true
BALANCER 2025/05/02 09:03:00 backend.go:96: Сервер http://localhost:8082 состояние: alive=true
BALANCER 2025/05/02 09:03:00 backend.go:96: Сервер http://localhost:8083 состояние: alive=true
BALANCER 2025/05/02 09:03:10 backend.go:96: Сервер http://localhost:8082 состояние: alive=true
BALANCER 2025/05/02 09:03:10 backend.go:96: Сервер http://localhost:8083 состояние: alive=true
BALANCER 2025/05/02 09:03:10 backend.go:96: Сервер http://localhost:8081 состояние: alive=true
BALANCER 2025/05/02 09:03:20 backend.go:96: Сервер http://localhost:8083 состояние: alive=true
BALANCER 2025/05/02 09:03:20 backend.go:96: Сервер http://localhost:8081 состояние: alive=true
BALANCER 2025/05/02 09:03:20 backend.go:96: Сервер http://localhost:8082 состояние: alive=true
BALANCER 2025/05/02 09:03:28 main.go:111: завершение работы...
BALANCER 2025/05/02 09:03:28 main.go:31: Завершение работы балансировщика
BALANCER 2025/05/02 09:03:40 main.go:103: запуск сервера на :8080
BALANCER 2025/05/02 09:03:50 backend.go:96: Сервер http://localhost:8082 состояние: alive=true
BALANCER 2025/05/02 09:03:50 backend.go:96: Сервер http://localhost:8083 состояние: alive=true
BALANCER 2025/05/02 09:03:50 backend.go:96: Сервер http://localhost:8081 состояние: alive=true
BALANCER 2025/05/02 09:04:00 backend.go:96: Сервер http://localhost:8082 состояние: alive=true
BALANCER 2025/05/02 09:04:00 backend.go:96: Сервер http://localhost:8081 состояние: alive=true
BALANCER 2025/05/02 09:04:00 backend.go:96: Сервер http://localhost:8083 состояние: alive=true
BALANCER 2025/05/02 09:04:10 backend.go:96: Сервер http://localhost:8083 состояние: alive=true
BALANCER 2025/05/02 09:04:10 backend.go:96: Сервер http://localhost:8081 состояние: alive=true
BALANCER 2025/05/02 09:04:10 backend.go:96: Сервер http://localhost:8082 состояние: alive=true
BALANCER 2025/05/02 09:04:20 backend.go:96: Сервер http://localhost:8082 состояние: alive=true
BALANCER 2025/05/02 09:04:20 backend.go:96: Сервер http://localhost:8083 состояние: alive=true
BALANCER 2025/05/02 09:04:20 backend.go:96: Сервер http://localhost:8081 состояние: alive=true
BALANCER 2025/05/02 09:04:30 backend.go:96: Сервер http://localhost:8081 состояние: alive=true
BALANCER 2025/05/02 09:04:30 backend.go:96: Сервер http://localhost:8083 состояние: alive=true
BALANCER 2025/05/02 09:04:30 backend.go:96: Сервер http://localhost:8082 состояние: alive=true
BALANCER 2025/05/02 09:04:40 backend.go:96: Сервер http://localhost:8081 состояние: alive=true
BALANCER 2025/05/02 09:04:40 backend.go:96: Сервер http://localhost:8082 состояние: alive=true
BALANCER 2025/05/02 09:04:40 backend.go:96: Сервер http://localhost:8083 состояние: alive=true
BALANCER 2025/05/02 09:04:50 backend.go:96: Сервер http://localhost:8082 состояние: alive=true
BALANCER 2025/05/02 09:04:50 backend.go:96: Сервер http://localhost:8081 состояние: alive=true
BALANCER 2025/05/02 09:04:50 backend.go:96: Сервер http://localhost:8083 состояние: alive=true
BALANCER 2025/05/02 09:05:00 backend.go:96: Сервер http://localhost:8083 состояние: alive=true
BALANCER 2025/05/02 09:05:00 backend.go:96: Сервер http://localhost:8081 состояние: alive=true
BALANCER 2025/05/02 09:05:00 backend.go:96: Сервер http://localhost:8082 состояние: alive=true
BALANCER 2025/05/02 09:05:10 backend.go:96: Сервер http://localhost:8082 состояние: alive=true
BALANCER 2025/05/02 09:05:10 backend.go:96: Сервер http://localhost:8081 состояние: alive=true
BALANCER 2025/05/02 09:05:10 backend.go:96: Сервер http://localhost:8083 состояние: alive=true
BALANCER 2025/05/02 09:05:20 backend.go:96: Сервер http://localhost:8082 состояние: alive=true
BALANCER 2025/05/02 09:05:20 backend.go:96: Сервер http://localhost:8081 состояние: alive=true
BALANCER 2025/05/02 09:05:20 backend.go:96: Сервер http://localhost:8083 состояние: alive=true
BALANCER 2025/05/02 09:05:30 backend.go:96: Сервер http://localhost:8081 состояние: alive=true
BALANCER 2025/05/02 09:05:30 backend.go:96: Сервер http://localhost:8083 состояние: alive=true
BALANCER 2025/05/02 09:05:30 backend.go:96: Сервер http://localhost:8082 состояние: alive=true
BALANCER 2025/05/02 09:05:40 backend.go:96: Сервер http://localhost:8083 состояние: alive=true
BALANCER 2025/05/02 09:05:40 backend.go:96: Сервер http://localhost:8081 состояние: alive=true
BALANCER 2025/05/02 09:05:40 backend.go:96: Сервер http://localhost:8082 состояние: alive=true
BALANCER 2025/05/02 09:05:50 backend.go:96: Сервер http://localhost:8082 состояние: alive=true
BALANCER 2025/05/02 09:05:50 backend.go:96: Сервер http://localhost:8081 состояние: alive=true
BALANCER 2025/05/02 09:05:50 backend.go:96: Сервер http://localhost:8083 состояние: alive=true
BALANCER 2025/05/02 09:06:00 backend.go:96: Сервер http://localhost:8082 состояние: alive=true
BALANCER 2025/05/02 09:06:00 backend.go:96: Сервер http://localhost:8081 состояние: alive=true
BALANCER 2025/05/02 09:06:00 backend.go:96: Сервер http://localhost:8083 состояние: alive=true
BALANCER 2025/05/02 09:06:10 backend.go:96: Сервер http://localhost:8083 состояние: alive=true
BALANCER 2025/05/02 09:06:10 backend.go:96: Сервер http://localhost:8082 состояние: alive=true
BALANCER 2025/05/02 09:06:10 backend.go:96: Сервер http://localhost:8081 состояние: alive=true
BALANCER 2025/05/02 09:06:20 backend.go:96: Сервер http://localhost:8083 состояние: alive=true
BALANCER 2025/05/02 09:06:20 backend.go:96: Сервер http://localhost:8081 состояние: alive=true
BALANCER 2025/05/02 09:06:20 backend.go:96: Сервер http://localhost:8082 состояние: alive=true
BALANCER 2025/05/02 09:06:27 main.go:111: завершение работы...
BALANCER 2025/05/02 09:06:27 main.go:31: Завершение работы балансировщика
BALANCER 2025/05/02 09:06:31 main.go:103: запуск сервера на :8080
BALANCER 2025/05/02 09:06:34 balancer.go:45: Входящий запрос: GET /
BALANCER 2025/05/02 09:06:34 balancer.go:59: Перенаправление на сервер: http://localhost:8081
BALANCER 2025/05/02 09:06:34 balancer.go:45: Входящий запрос: GET /
BALANCER 2025/05/02 09:06:34 balancer.go:59: Перенаправление на сервер: http://localhost:8081
BALANCER 2025/05/02 09:06:34 balancer.go:45: Входящий запрос: GET /
BALANCER 2025/05/02 09:06:34 balancer.go:59: Перенаправление на сервер: http://localhost:8082
BALANCER 2025/05/02 09:06:34 balancer.go:45: Входящий запрос: GET /
BALANCER 2025/05/02 09:06:34 balancer.go:59: Перенаправление на сервер: http://localhost:8083
BALANCER 2025/05/02 09:06:34 balancer.go:45: Входящий запрос: GET /
BALANCER 2025/05/02 09:06:34 balancer.go:59: Перенаправление на сервер: http://localhost:8081
BALANCER 2025/05/02 09:06:34 balancer.go:45: Входящий запрос: GET /
BALANCER 2025/05/02 09:06:34 balancer.go:59: Перенаправление на сервер: http://localhost:8082
BALANCER 2025/05/02 09:06:34 balancer.go:45: Входящий запрос: GET /
BALANCER 2025/05/02 09:06:34 balancer.go:59: Перенаправление на сервер: http://localhost:8081
BALANCER 2025/05/02 09:06:34 balancer.go:45: Входящий запрос: GET /
BALANCER 2025/05/02 09:06:34 balancer.go:59: Перенаправление на сервер: http://localhost:8083
BALANCER 2025/05/02 09:06:34 balancer.go:45: Входящий запрос: GET /
BALANCER 2025/05/02 09:06:34 balancer.go:59: Перенаправление на сервер: http://localhost:8081
BALANCER 2025/05/02 09:06:34 balancer.go:45: Входящий запрос: GET /
BALANCER 2025/05/02 09:06:34 balancer.go:45: Входящий запрос: GET /
BALANCER 2025/05/02 09:06:34 balancer.go:59: Перенаправление на сервер: http://localhost:8082
BALANCER 2025/05/02 09:06:34 balancer.go:59: Перенаправление на сервер: http://localhost:8082
BALANCER 2025/05/02 09:06:34 balancer.go:45: Входящий запрос: GET /
BALANCER 2025/05/02 09:06:34 balancer.go:59: Перенаправление на сервер: http://localhost:8083
BALANCER 2025/05/02 09:06:34 balancer.go:45: Входящий запрос: GET /
BALANCER 2025/05/02 09:06:34 balancer.go:45: Входящий запрос: GET /
BALANCER 2025/05/02 09:06:34 balancer.go:59: Перенаправление на сервер: http://localhost:8081
BALANCER 2025/05/02 09:06:34 balancer.go:59: Перенаправление на сервер: http://localhost:8081
BALANCER 2025/05/02 09:06:34 balancer.go:45: Входящий запрос: GET /
BALANCER 2025/05/02 09:06:34 balancer.go:59: Перенаправление на сервер: http://localhost:8082
BALANCER 2025/05/02 09:06:34 balancer.go:45: Входящий запрос: GET /
BALANCER 2025/05/02 09:06:34 balancer.go:59: Перенаправление на сервер: http://localhost:8083
BALANCER 2025/05/02 09:06:34 balancer.go:45: Входящий запрос: GET /
BALANCER 2025/05/02 09:06:34 balancer.go:59: Перенаправление на сервер: http://localhost:8081
BALANCER 2025/05/02 09:06:34 balancer.go:45: Входящий запрос: GET /
BALANCER 2025/05/02 09:06:34 balancer.go:59: Перенаправление на сервер: http://localhost:8082
BALANCER 2025/05/02 09:06:34 balancer.go:45: Входящий запрос: GET /
BALANCER 2025/05/02 09:06:34 balancer.go:59: Перенаправление на сервер: http://localhost:8083
BALANCER 2025/05/02 09:06:34 balancer.go:45: Входящий запрос: GET /
BALANCER 2025/05/02 09:06:34 balancer.go:59: Перенаправление на сервер: http://localhost:8082
BALANCER 2025/05/02 09:06:34 balancer.go:45: Входящий запрос: GET /
BALANCER 2025/05/02 09:06:34 balancer.go:59: Перенаправление на сервер: http://localhost:8083
BALANCER 2025/05/02 09:06:34 balancer.go:45: Входящий запрос: GET /
BALANCER 2025/05/02 09:06:34 balancer.go:59: Перенаправление на сервер: http://localhost:8081
BALANCER 2025/05/02 09:06:34 balancer.go:45: Входящий запрос: GET /
BALANCER 2025/05/02 09:06:34 balancer.go:59: Перенаправление на сервер: http://localhost:8081
BALANCER 2025/05/02 09:06:34 balancer.go:45: Входящий запрос: GET /
BALANCER 2025/05/02 09:06:34 balancer.go:59: Перенаправление на сервер: http://localhost:8082
BALANCER 2025/05/02 09:06:34 balancer.go:45: Входящий запрос: GET /
BALANCER 2025/05/02 09:06:34 balancer.go:59: Перенаправление на сервер: http://localhost:8083
BALANCER 2025/05/02 09:06:34 balancer.go:45: Входящий запрос: GET /
BALANCER 2025/05/02 09:06:34 balancer.go:45: Входящий запрос: GET /
BALANCER 2025/05/02 09:06:34 balancer.go:59: Перенаправление на сервер: http://localhost:8081
BALANCER 2025/05/02 09:06:34 balancer.go:59: Перенаправление на сервер: http://localhost:8081
BALANCER 2025/05/02 09:06:34 balancer.go:45: Входящий запрос: GET /
BALANCER 2025/05/02 09:06:34 balancer.go:59: Перенаправление на сервер: http://localhost:8082
BALANCER 2025/05/02 09:06:34 balancer.go:45: Входящий запрос: GET /
BALANCER 2025/05/02 09:06:34 balancer.go:59: Перенаправление на сервер: http://localhost:8083
BALANCER 2025/05/02 09:06:34 balancer.go:45: Входящий запрос: GET /
BALANCER 2025/05/02 09:06:34 balancer.go:59: Перенаправление на сервер: http://localhost:8082
BALANCER 2025/05/02 09:06:34 balancer.go:45: Входящий запрос: GET /
BALANCER 2025/05/02 09:06:34 balancer.go:59: Перенаправление на сервер: http://localhost:8083
BALANCER 2025/05/02 09:06:34 balancer.go:45: Входящий запрос: GET /
BALANCER 2025/05/02 09:06:34 balancer.go:59: Перенаправление на сервер: http://localhost:8081
BALANCER 2025/05/02 09:06:34 balancer.go:45: Входящий запрос: GET /
BALANCER 2025/05/02 09:06:34 balancer.go:59: Перенаправление на сервер: http://localhost:8082
BALANCER 2025/05/02 09:06:34 balancer.go:45: Входящий запрос: GET /
BALANCER 2025/05/02 09:06:34 balancer.go:59: Перенаправление на сервер: http://localhost:8083
BALANCER 2025/05/02 09:06:34 balancer.go:45: Входящий запрос: GET /
BALANCER 2025/05/02 09:06:34 balancer.go:59: Перенаправление на сервер: http://localhost:8081
BALANCER 2025/05/02 09:06:34 balancer.go:45: Входящий запрос: GET /
BALANCER 2025/05/02 09:06:34 balancer.go:59: Перенаправление на сервер: http://localhost:8081
BALANCER 2025/05/02 09:06:34 balancer.go:45: Входящий запрос: GET /
BALANCER 2025/05/02 09:06:34 balancer.go:59: Перенаправление на сервер: http://localhost:8081
BALANCER 2025/05/02 09:06:34 balancer.go:45: Входящий запрос: GET /
BALANCER 2025/05/02 09:06:34 balancer.go:59: Перенаправление на сервер: http://localhost:8082
BALANCER 2025/05/02 09:06:34 balancer.go:45: Входящий запрос: GET /
BALANCER 2025/05/02 09:06:34 balancer.go:59: Перенаправление на сервер: http://localhost:8083
BALANCER 2025/05/02 09:06:34 balancer.go:45: Входящий запрос: GET /
BALANCER 2025/05/02 09:06:34 balancer.go:59: Перенаправление на сервер: http://localhost:8082
BALANCER 2025/05/02 09:06:34 balancer.go:45: Входящий запрос: GET /
BALANCER 2025/05/02 09:06:34 balancer.go:59: Перенаправление на сервер: http://localhost:8083
BALANCER 2025/05/02 09:06:34 balancer.go:45: Входящий запрос: GET /
BALANCER 2025/05/02 09:06:34 balancer.go:59: Перенаправление на сервер: http://localhost:8081
BALANCER 2025/05/02 09:06:34 balancer.go:45: Входящий запрос: GET /
BALANCER 2025/05/02 09:06:34 balancer.go:59: Перенаправление на сервер: http://localhost:8082
BALANCER 2025/05/02 09:06:34 balancer.go:45: Входящий запрос: GET /
BALANCER 2025/05/02 09:06:34 balancer.go:59: Перенаправление на сервер: http://localhost:8081
BALANCER 2025/05/02 09:06:34 balancer.go:45: Входящий запрос: GET /
BALANCER 2025/05/02 09:06:34 balancer.go:59: Перенаправление на сервер: http://localhost:8081
BALANCER 2025/05/02 09:06:34 balancer.go:45: Входящий запрос: GET /
BALANCER 2025/05/02 09:06:34 balancer.go:59: Перенаправление на сервер: http://localhost:8083
BALANCER 2025/05/02 09:06:34 balancer.go:45: Входящий запрос: GET /
BALANCER 2025/05/02 09:06:34 balancer.go:59: Перенаправление на сервер: http://localhost:8081
BALANCER 2025/05/02 09:06:34 balancer.go:45: Входящий запрос: GET /
BALANCER 2025/05/02 09:06:34 balancer.go:59: Перенаправление на сервер: http://localhost:8082
BALANCER 2025/05/02 09:06:34 balancer.go:45: Входящий запрос: GET /
BALANCER 2025/05/02 09:06:34 balancer.go:59: Перенаправление на сервер: http://localhost:8083
BALANCER 2025/05/02 09:06:34 balancer.go:45: Входящий запрос: GET /
BALANCER 2025/05/02 09:06:34 balancer.go:59: Перенаправление на сервер: http://localhost:8082
BALANCER 2025/05/02 09:06:41 backend.go:96: Сервер http://localhost:8083 состояние: alive=true
BALANCER 2025/05/02 09:06:41 backend.go:96: Сервер http://localhost:8081 состояние: alive=true
BALANCER 2025/05/02 09:06:41 backend.go:96: Сервер http://localhost:8082 состояние: alive=true
BALANCER 2025/05/02 09:06:51 backend.go:96: Сервер http://localhost:8083 состояние: alive=true
BALANCER 2025/05/02 09:06:51 backend.go:96: Сервер http://localhost:8082 состояние: alive=true
BALANCER 2025/05/02 09:06:51 backend.go:96: Сервер http://localhost:8081 состояние: alive=true
BALANCER 2025/05/02 09:07:01 backend.go:96: Сервер http://localhost:8081 состояние: alive=true
BALANCER 2025/05/02 09:07:01 backend.go:96: Сервер http://localhost:8082 состояние: alive=true
BALANCER 2025/05/02 09:07:01 backend.go:96: Сервер http://localhost:8083 состояние: alive=true
BALANCER 2025/05/02 09:07:11 backend.go:96: Сервер http://localhost:8082 состояние: alive=true
BALANCER 2025/05/02 09:07:11 backend.go:96: Сервер http://localhost:8083 состояние: alive=true
BALANCER 2025/05/02 09:07:11 backend.go:96: Сервер http://localhost:8081 состояние: alive=true
BALANCER 2025/05/02 09:07:21 backend.go:96: Сервер http://localhost:8081 состояние: alive=true
BALANCER 2025/05/02 09:07:21 backend.go:96: Сервер http://localhost:8083 состояние: alive=true
BALANCER 2025/05/02 09:07:21 backend.go:96: Сервер http://localhost:8082 состояние: alive=true
BALANCER 2025/05/02 09:07:31 backend.go:96: Сервер http://localhost:8081 состояние: alive=true
BALANCER 2025/05/02 09:07:31 backend.go:96: Сервер http://localhost:8083 состояние: alive=true
BALANCER 2025/05/02 09:07:31 backend.go:96: Сервер http://localhost:8082 состояние: alive=true
BALANCER 2025/05/02 09:07:41 backend.go:96: Сервер http://localhost:8083 состояние: alive=true
BALANCER 2025/05/02 09:07:41 backend.go:96: Сервер http://localhost:8082 состояние: alive=true
BALANCER 2025/05/02 09:07:41 backend.go:96: Сервер http://localhost:8081 состояние: alive=true
BALANCER 2025/05/02 09:07:51 backend.go:96: Сервер http://localhost:8083 состояние: alive=true
BALANCER 2025/05/02 09:07:51 backend.go:96: Сервер http://localhost:8082 состояние: alive=true
BALANCER 2025/05/02 09:07:51 backend.go:96: Сервер http://localhost:8081 состояние: alive=true
BALANCER 2025/05/02 09:08:01 backend.go:96: Сервер http://localhost:8082 состояние: alive=true
BALANCER 2025/05/02 09:08:01 backend.go:96: Сервер http://localhost:8081 состояние: alive=true
BALANCER 2025/05/02 09:08:01 backend.go:96: Сервер http://localhost:8083 состояние: alive=true
BALANCER 2025/05/02 09:08:11 backend.go:96: Сервер http://localhost:8082 состояние: alive=true
BALANCER 2025/05/02 09:08:11 backend.go:96: Сервер http://localhost:8081 состояние: alive=true
BALANCER 2025/05/02 09:08:11 backend.go:96: Сервер http://localhost:8083 состояние: alive=true
BALANCER 2025/05/02 09:08:21 backend.go:96: Сервер http://localhost:8081 состояние: alive=true
BALANCER 2025/05/02 09:08:21 backend.go:96: Сервер http://localhost:8083 состояние: alive=true
BALANCER 2025/05/02 09:08:21 backend.go:96: Сервер http://localhost:8082 состояние: alive=true
BALANCER 2025/05/02 09:08:31 backend.go:96: Сервер http://localhost:8082 состояние: alive=true
BALANCER 2025/05/02 09:08:31 backend.go:96: Сервер http://localhost:8083 состояние: alive=true
BALANCER 2025/05/02 09:08:31 backend.go:96: Сервер http://localhost:8081 состояние: alive=true
BALANCER 2025/05/02 09:08:41 backend.go:96: Сервер http://localhost:8083 состояние: alive=true
BALANCER 2025/05/02 09:08:41 backend.go:96: Сервер http://localhost:8082 состояние: alive=true
BALANCER 2025/05/02 09:08:41 backend.go:96: Сервер http://localhost:8081 состояние: alive=true
BALANCER 2025/05/02 09:08:51 backend.go:96: Сервер http://localhost:8083 состояние: alive=true
BALANCER 2025/05/02 09:08:51 backend.go:96: Сервер http://localhost:8081 состояние: alive=true
BALANCER 2025/05/02 09:08:51 backend.go:96: Сервер http://localhost:8082 состояние: alive=true
BALANCER 2025/05/02 09:09:01 backend.go:96: Сервер http://localhost:8081 состояние: alive=true
BALANCER 2025/05/02 09:09:01 backend.go:96: Сервер http://localhost:8083 состояние: alive=true
BALANCER 2025/05/02 09:09:01 backend.go:96: Сервер http://localhost:8082 состояние: alive=true
BALANCER 2025/05/02 09:09:11 backend.go:96: Сервер http://localhost:8081 состояние: alive=true
BALANCER 2025/05/02 09:09:11 backend.go:96: Сервер http://localhost:8083 состояние: alive=true
BALANCER 2025/05/02 09:09:11 backend.go:96: Сервер http://localhost:8082 состояние: alive=true
BALANCER 2025/05/02 09:09:21 backend.go:96: Сервер http://localhost:8082 состояние: alive=true
BALANCER 2025/05/02 09:09:21 backend.go:96: Сервер http://localhost:8081 состояние: alive=true
BALANCER 2025/05/02 09:09:21 backend.go:96: Сервер http://localhost:8083 состояние: alive=true
BALANCER 2025/05/02 09:09:27 main.go:111: завершение работы...
BALANCER 2025/05/02 09:09:27 main.go:31: Завершение работы балансировщика
BALANCER 2025/05/02 09:09:31 main.go:103: запуск сервера на :8080
BALANCER 2025/05/02 09:09:34 balancer.go:45: Входящий запрос: GET /
BALANCER 2025/05/02 09:09:34 balancer.go:59: Перенаправление на сервер: http://localhost:8081
BALANCER 2025/05/02 09:09:34 balancer.go:45: Входящий запрос: GET /
BALANCER 2025/05/02 09:09:34 balancer.go:59: Перенаправление на сервер: http://localhost:8081
BALANCER 2025/05/02 09:09:34 balancer.go:45: Входящий запрос: GET /
BALANCER 2025/05/02 09:09:34 balancer.go:59: Перенаправление на сервер: http://localhost:8082
BALANCER 2025/05/02 09:09:34 balancer.go:45: Входящий запрос: GET /
BALANCER 2025/05/02 09:09:34 balancer.go:59: Перенаправление на сервер: http://localhost:8083
BALANCER 2025/05/02 09:09:34 balancer.go:45: Входящий запрос: GET /
BALANCER 2025/05/02 09:09:34 balancer.go:45: Входящий запрос: GET /
BALANCER 2025/05/02 09:09:34 balancer.go:59: Перенаправление на сервер: http://localhost:8081
BALANCER 2025/05/02 09:09:34 balancer.go:59: Перенаправление на сервер: http://localhost:8081
BALANCER 2025/05/02 09:09:34 balancer.go:45: Входящий запрос: GET /
BALANCER 2025/05/02 09:09:34 balancer.go:59: Перенаправление на сервер: http://localhost:8082
BALANCER 2025/05/02 09:09:34 balancer.go:45: Входящий запрос: GET /
BALANCER 2025/05/02 09:09:34 balancer.go:59: Перенаправление на сервер: http://localhost:8083
BALANCER 2025/05/02 09:09:34 balancer.go:45: Входящий запрос: GET /
BALANCER 2025/05/02 09:09:34 balancer.go:59: Перенаправление на сервер: http://localhost:8081
BALANCER 2025/05/02 09:09:34 balancer.go:45: Входящий запрос: GET /
BALANCER 2025/05/02 09:09:34 balancer.go:59: Перенаправление на сервер: http://localhost:8082
BALANCER 2025/05/02 09:09:34 balancer.go:45: Входящий запрос: GET /
BALANCER 2025/05/02 09:09:34 balancer.go:59: Перенаправление на сервер: http://localhost:8083
BALANCER 2025/05/02 09:09:34 balancer.go:45: Входящий запрос: GET /
BALANCER 2025/05/02 09:09:34 balancer.go:59: Перенаправление на сервер: http://localhost:8081
BALANCER 2025/05/02 09:09:34 balancer.go:45: Входящий запрос: GET /
BALANCER 2025/05/02 09:09:34 balancer.go:59: Перенаправление на сервер: http://localhost:8083
BALANCER 2025/05/02 09:09:34 balancer.go:45: Входящий запрос: GET /
BALANCER 2025/05/02 09:09:34 balancer.go:59: Перенаправление на сервер: http://localhost:8082
BALANCER 2025/05/02 09:09:34 balancer.go:45: Входящий запрос: GET /
BALANCER 2025/05/02 09:09:34 balancer.go:59: Перенаправление на сервер: http://localhost:8082
BALANCER 2025/05/02 09:09:34 balancer.go:45: Входящий запрос: GET /
BALANCER 2025/05/02 09:09:34 balancer.go:59: Перенаправление на сервер: http://localhost:8083
BALANCER 2025/05/02 09:09:34 balancer.go:45: Входящий запрос: GET /
BALANCER 2025/05/02 09:09:34 balancer.go:59: Перенаправление на сервер: http://localhost:8081
BALANCER 2025/05/02 09:09:34 balancer.go:45: Входящий запрос: GET /
BALANCER 2025/05/02 09:09:34 balancer.go:59: Перенаправление на сервер: http://localhost:8082
BALANCER 2025/05/02 09:09:34 balancer.go:45: Входящий запрос: GET /
BALANCER 2025/05/02 09:09:34 balancer.go:45: Входящий запрос: GET /
BALANCER 2025/05/02 09:09:34 balancer.go:59: Перенаправление на сервер: http://localhost:8081
BALANCER 2025/05/02 09:09:34 balancer.go:45: Входящий запрос: GET /
BALANCER 2025/05/02 09:09:34 balancer.go:59: Перенаправление на сервер: http://localhost:8082
BALANCER 2025/05/02 09:09:34 balancer.go:59: Перенаправление на сервер: http://localhost:8081
BALANCER 2025/05/02 09:09:34 balancer.go:45: Входящий запрос: GET /
BALANCER 2025/05/02 09:09:34 balancer.go:59: Перенаправление на сервер: http://localhost:8082
BALANCER 2025/05/02 09:09:34 balancer.go:45: Входящий запрос: GET /
BALANCER 2025/05/02 09:09:34 balancer.go:59: Перенаправление на сервер: http://localhost:8083
BALANCER 2025/05/02 09:09:34 balancer.go:45: Входящий запрос: GET /
BALANCER 2025/05/02 09:09:34 balancer.go:59: Перенаправление на сервер: http://localhost:8081
BALANCER 2025/05/02 09:09:34 balancer.go:45: Входящий запрос: GET /
BALANCER 2025/05/02 09:09:34 balancer.go:59: Перенаправление на сервер: http://localhost:8082
BALANCER 2025/05/02 09:09:34 balancer.go:45: Входящий запрос: GET /
BALANCER 2025/05/02 09:09:34 balancer.go:59: Перенаправление на сервер: http://localhost:8083
BALANCER 2025/05/02 09:09:34 balancer.go:45: Входящий запрос: GET /
BALANCER 2025/05/02 09:09:34 balancer.go:59: Перенаправление на сервер: http://localhost:8081
BALANCER 2025/05/02 09:09:34 balancer.go:45: Входящий запрос: GET /
BALANCER 2025/05/02 09:09:34 balancer.go:59: Перенаправление на сервер: http://localhost:8083
BALANCER 2025/05/02 09:09:34 balancer.go:45: Входящий запрос: GET /
BALANCER 2025/05/02 09:09:34 balancer.go:59: Перенаправление на сервер: http://localhost:8081
BALANCER 2025/05/02 09:09:34 balancer.go:45: Входящий запрос: GET /
BALANCER 2025/05/02 09:09:34 balancer.go:59: Перенаправление на сервер: http://localhost:8082
BALANCER 2025/05/02 09:09:34 balancer.go:45: Входящий запрос: GET /
BALANCER 2025/05/02 09:09:34 balancer.go:59: Перенаправление на сервер: http://localhost:8081
BALANCER 2025/05/02 09:09:34 balancer.go:45: Входящий запрос: GET /
BALANCER 2025/05/02 09:09:34 balancer.go:59: Перенаправление на сервер: http://localhost:8083
BALANCER 2025/05/02 09:09:34 balancer.go:45: Входящий запрос: GET /
BALANCER 2025/05/02 09:09:34 balancer.go:59: Перенаправление на сервер: http://localhost:8082
BALANCER 2025/05/02 09:09:34 balancer.go:45: Входящий запрос: GET /
BALANCER 2025/05/02 09:09:34 balancer.go:45: Входящий запрос: GET /
BALANCER 2025/05/02 09:09:34 balancer.go:59: Перенаправление на сервер: http://localhost:8083
BALANCER 2025/05/02 09:09:34 balancer.go:59: Перенаправление на сервер: http://localhost:8083
BALANCER 2025/05/02 09:09:34 balancer.go:45: Входящий запрос: GET /
BALANCER 2025/05/02 09:09:34 balancer.go:59: Перенаправление на сервер: http://localhost:8081
BALANCER 2025/05/02 09:09:34 balancer.go:45: Входящий запрос: GET /
BALANCER 2025/05/02 09:09:34 balancer.go:59: Перенаправление на сервер: http://localhost:8082
BALANCER 2025/05/02 09:09:34 balancer.go:45: Входящий запрос: GET /
BALANCER 2025/05/02 09:09:34 balancer.go:59: Перенаправление на сервер: http://localhost:8081
BALANCER 2025/05/02 09:09:34 balancer.go:45: Входящий запрос: GET /
BALANCER 2025/05/02 09:09:34 balancer.go:59: Перенаправление на сервер: http://localhost:8081
BALANCER 2025/05/02 09:09:34 balancer.go:45: Входящий запрос: GET /
BALANCER 2025/05/02 09:09:34 balancer.go:59: Перенаправление на сервер: http://localhost:8082
BALANCER 2025/05/02 09:09:34 balancer.go:45: Входящий запрос: GET /
BALANCER 2025/05/02 09:09:34 balancer.go:59: Перенаправление на сервер: http://localhost:8082
BALANCER 2025/05/02 09:09:34 balancer.go:45: Входящий запрос: GET /
BALANCER 2025/05/02 09:09:34 balancer.go:59: Перенаправление на сервер: http://localhost:8083
BALANCER 2025/05/02 09:09:34 balancer.go:45: Входящий запрос: GET /
BALANCER 2025/05/02 09:09:34 balancer.go:59: Перенаправление на сервер: http://localhost:8081
BALANCER 2025/05/02 09:09:34 balancer.go:45: Входящий запрос: GET /
BALANCER 2025/05/02 09:09:34 balancer.go:59: Перенаправление на сервер: http://localhost:8083
BALANCER 2025/05/02 09:09:34 balancer.go:45: Входящий запрос: GET /
BALANCER 2025/05/02 09:09:34 balancer.go:59: Перенаправление на сервер: http://localhost:8081
BALANCER 2025/05/02 09:09:34 balancer.go:45: Входящий запрос: GET /
BALANCER 2025/05/02 09:09:34 balancer.go:59: Перенаправление на сервер: http://localhost:8082
BALANCER 2025/05/02 09:09:34 balancer.go:45: Входящий запрос: GET /
BALANCER 2025/05/02 09:09:34 balancer.go:45: Входящий запрос: GET /
BALANCER 2025/05/02 09:09:34 balancer.go:59: Перенаправление на сервер: http://localhost:8083
BALANCER 2025/05/02 09:09:34 balancer.go:59: Перенаправление на сервер: http://localhost:8083
BALANCER 2025/05/02 09:09:34 balancer.go:45: Входящий запрос: GET /
BALANCER 2025/05/02 09:09:34 balancer.go:59: Перенаправление на сервер: http://localhost:8081
BALANCER 2025/05/02 09:09:34 balancer.go:45: Входящий запрос: GET /
BALANCER 2025/05/02 09:09:34 balancer.go:59: Перенаправление на сервер: http://localhost:8082
BALANCER 2025/05/02 09:09:41 backend.go:96: Сервер http://localhost:8082 состояние: alive=true
BALANCER 2025/05/02 09:09:41 backend.go:96: Сервер http://localhost:8081 состояние: alive=true
BALANCER 2025/05/02 09:09:41 backend.go:96: Сервер http://localhost:8083 состояние: alive=true
BALANCER 2025/05/02 09:09:51 backend.go:96: Сервер http://localhost:8081 состояние: alive=true
BALANCER 2025/05/02 09:09:51 backend.go:96: Сервер http://localhost:8083 состояние: alive=true
BALANCER 2025/05/02 09:09:51 backend.go:96: Сервер http://localhost:8082 состояние: alive=true
BALANCER 2025/05/02 09:10:01 backend.go:96: Сервер http://localhost:8083 состояние: alive=true
BALANCER 2025/05/02 09:10:01 backend.go:96: Сервер http://localhost:8082 состояние: alive=true
BALANCER 2025/05/02 09:10:01 backend.go:96: Сервер http://localhost:8081 состояние: alive=true
BALANCER 2025/05/02 09:10:11 backend.go:96: Сервер http://localhost:8081 состояние: alive=true
BALANCER 2025/05/02 09:10:11 backend.go:96: Сервер http://localhost:8083 состояние: alive=true
BALANCER 2025/05/02 09:10:11 backend.go:96: Сервер http://localhost:8082 состояние: alive=true
BALANCER 2025/05/02 09:10:21 backend.go:96: Сервер http://localhost:8081 состояние: alive=true
BALANCER 2025/05/02 09:10:21 backend.go:96: Сервер http://localhost:8082 состояние: alive=true
BALANCER 2025/05/02 09:10:21 backend.go:96: Сервер http://localhost:8083 состояние: alive=true
BALANCER 2025/05/02 09:10:31 backend.go:96: Сервер http://localhost:8082 состояние: alive=true
BALANCER 2025/05/02 09:10:31 backend.go:96: Сервер http://localhost:8081 состояние: alive=true
BALANCER 2025/05/02 09:10:31 backend.go:96: Сервер http://localhost:8083 состояние: alive=true
BALANCER 2025/05/02 09:10:41 backend.go:96: Сервер http://localhost:8081 состояние: alive=true
BALANCER 2025/05/02 09:10:41 backend.go:96: Сервер http://localhost:8082 состояние: alive=true
BALANCER 2025/05/02 09:10:41 backend.go:96: Сервер http://localhost:8083 состояние: alive=true
BALANCER 2025/05/02 09:10:51 backend.go:96: Сервер http://localhost:8083 состояние: alive=true
BALANCER 2025/05/02 09:10:51 backend.go:96: Сервер http://localhost:8082 состояние: alive=true
BALANCER 2025/05/02 09:10:51 backend.go:96: Сервер http://localhost:8081 состояние: alive=true
BALANCER 2025/05/02 09:11:01 backend.go:96: Сервер http://localhost:8081 состояние: alive=true
BALANCER 2025/05/02 09:11:01 backend.go:96: Сервер http://localhost:8083 состояние: alive=true
BALANCER 2025/05/02 09:11:01 backend.go:96: Сервер http://localhost:8082 состояние: alive=true
BALANCER 2025/05/02 09:11:11 backend.go:96: Сервер http://localhost:8083 состояние: alive=true
BALANCER 2025/05/02 09:11:11 backend.go:96: Сервер http://localhost:8082 состояние: alive=true
BALANCER 2025/05/02 09:11:11 backend.go:96: Сервер http://localhost:8081 состояние: alive=true
BALANCER 2025/05/02 09:11:21 backend.go:96: Сервер http://localhost:8082 состояние: alive=true
BALANCER 2025/05/02 09:11:21 backend.go:96: Сервер http://localhost:8081 состояние: alive=true
BALANCER 2025/05/02 09:11:21 backend.go:96: Сервер http://localhost:8083 состояние: alive=true
BALANCER 2025/05/02 09:11:31 backend.go:96: Сервер http://localhost:8083 состояние: alive=true
BALANCER 2025/05/02 09:11:31 backend.go:96: Сервер http://localhost:8081 состояние: alive=true
BALANCER 2025/05/02 09:11:31 backend.go:96: Сервер http://localhost:8082 состояние: alive=true
BALANCER 2025/05/02 09:11:41 backend.go:96: Сервер http://localhost:8081 состояние: alive=true
BALANCER 2025/05/02 09:11:41 backend.go:96: Сервер http://localhost:8082 состояние: alive=true
BALANCER 2025/05/02 09:11:41 backend.go:96: Сервер http://localhost:8083 состояние: alive=true
BALANCER 2025/05/02 09:11:51 backend.go:96: Сервер http://localhost:8082 состояние: alive=true
BALANCER 2025/05/02 09:11:51 backend.go:96: Сервер http://localhost:8081 состояние: alive=true
BALANCER 2025/05/02 09:11:51 backend.go:96: Сервер http://localhost:8083 состояние: alive=true
BALANCER 2025/05/02 09:12:01 backend.go:96: Сервер http://localhost:8082 состояние: alive=true
BALANCER 2025/05/02 09:12:01 backend.go:96: Сервер http://localhost:8081 состояние: alive=true
BALANCER 2025/05/02 09:12:01 backend.go:96: Сервер http://localhost:8083 состояние: alive=true
BALANCER 2025/05/02 09:12:11 backend.go:96: Сервер http://localhost:8081 состояние: alive=true
BALANCER 2025/05/02 09:12:11 backend.go:96: Сервер http://localhost:8082 состояние: alive=true
BALANCER 2025/05/02 09:12:11 backend.go:96: Сервер http://localhost:8083 состояние: alive=true
BALANCER 2025/05/02 09:12:12 main.go:111: завершение работы...
BALANCER 2025/05/02 09:12:12 main.go:31: Завершение работы балансировщика
BALANCER 2025/05/02 09:12:15 main.go:103: запуск сервера на :8080
BALANCER 2025/05/02 09:12:18 balancer.go:45: Входящий запрос: GET /
BALANCER 2025/05/02 09:12:18 balancer.go:59: Перенаправление на сервер: http://localhost:8081
BALANCER 2025/05/02 09:12:18 balancer.go:45: Входящий запрос: GET /
BALANCER 2025/05/02 09:12:18 balancer.go:59: Перенаправление на сервер: http://localhost:8081
BALANCER 2025/05/02 09:12:18 balancer.go:45: Входящий запрос: GET /
BALANCER 2025/05/02 09:12:18 balancer.go:59: Перенаправление на сервер: http://localhost:8082
BALANCER 2025/05/02 09:12:18 balancer.go:45: Входящий запрос: GET /
BALANCER 2025/05/02 09:12:18 balancer.go:59: Перенаправление на сервер: http://localhost:8083
BALANCER 2025/05/02 09:12:18 balancer.go:45: Входящий запрос: GET /
BALANCER 2025/05/02 09:12:18 balancer.go:59: Перенаправление на сервер: http://localhost:8081
BALANCER 2025/05/02 09:12:18 balancer.go:45: Входящий запрос: GET /
BALANCER 2025/05/02 09:12:18 balancer.go:59: Перенаправление на сервер: http://localhost:8082
BALANCER 2025/05/02 09:12:18 balancer.go:45: Входящий запрос: GET /
BALANCER 2025/05/02 09:12:18 balancer.go:59: Перенаправление на сервер: http://localhost:8083
BALANCER 2025/05/02 09:12:18 balancer.go:45: Входящий запрос: GET /
BALANCER 2025/05/02 09:12:18 balancer.go:59: Перенаправление на сервер: http://localhost:8081
BALANCER 2025/05/02 09:12:18 balancer.go:45: Входящий запрос: GET /
BALANCER 2025/05/02 09:12:18 balancer.go:59: Перенаправление на сервер: http://localhost:8082
BALANCER 2025/05/02 09:12:18 balancer.go:45: Входящий запрос: GET /
BALANCER 2025/05/02 09:12:18 balancer.go:59: Перенаправление на сервер: http://localhost:8083
BALANCER 2025/05/02 09:12:18 balancer.go:45: Входящий запрос: GET /
BALANCER 2025/05/02 09:12:18 balancer.go:59: Перенаправление на сервер: http://localhost:8081
BALANCER 2025/05/02 09:12:18 balancer.go:45: Входящий запрос: GET /
BALANCER 2025/05/02 09:12:18 balancer.go:59: Перенаправление на сервер: http://localhost:8081
BALANCER 2025/05/02 09:12:18 balancer.go:45: Входящий запрос: GET /
BALANCER 2025/05/02 09:12:18 balancer.go:59: Перенаправление на сервер: http://localhost:8082
BALANCER 2025/05/02 09:12:18 balancer.go:45: Входящий запрос: GET /
BALANCER 2025/05/02 09:12:18 balancer.go:59: Перенаправление на сервер: http://localhost:8083
BALANCER 2025/05/02 09:12:18 balancer.go:45: Входящий запрос: GET /
BALANCER 2025/05/02 09:12:18 balancer.go:59: Перенаправление на сервер: http://localhost:8081
BALANCER 2025/05/02 09:12:18 balancer.go:45: Входящий запрос: GET /
BALANCER 2025/05/02 09:12:18 balancer.go:59: Перенаправление на сервер: http://localhost:8082
BALANCER 2025/05/02 09:12:18 balancer.go:45: Входящий запрос: GET /
BALANCER 2025/05/02 09:12:18 balancer.go:59: Перенаправление на сервер: http://localhost:8081
BALANCER 2025/05/02 09:12:18 balancer.go:45: Входящий запрос: GET /
BALANCER 2025/05/02 09:12:18 balancer.go:59: Перенаправление на сервер: http://localhost:8083
BALANCER 2025/05/02 09:12:18 balancer.go:45: Входящий запрос: GET /
BALANCER 2025/05/02 09:12:18 balancer.go:59: Перенаправление на сервер: http://localhost:8081
BALANCER 2025/05/02 09:12:18 balancer.go:45: Входящий запрос: GET /
BALANCER 2025/05/02 09:12:18 balancer.go:45: Входящий запрос: GET /
BALANCER 2025/05/02 09:12:18 balancer.go:59: Перенаправление на сервер: http://localhost:8082
BALANCER 2025/05/02 09:12:18 balancer.go:45: Входящий запрос: GET /
BALANCER 2025/05/02 09:12:18 balancer.go:59: Перенаправление на сервер: http://localhost:8083
BALANCER 2025/05/02 09:12:18 balancer.go:59: Перенаправление на сервер: http://localhost:8082
BALANCER 2025/05/02 09:12:18 balancer.go:45: Входящий запрос: GET /
BALANCER 2025/05/02 09:12:18 balancer.go:59: Перенаправление на сервер: http://localhost:8081
BALANCER 2025/05/02 09:12:18 balancer.go:45: Входящий запрос: GET /
BALANCER 2025/05/02 09:12:18 balancer.go:59: Перенаправление на сервер: http://localhost:8083
BALANCER 2025/05/02 09:12:18 balancer.go:45: Входящий запрос: GET /
BALANCER 2025/05/02 09:12:18 balancer.go:59: Перенаправление на сервер: http://localhost:8081
BALANCER 2025/05/02 09:12:18 balancer.go:45: Входящий запрос: GET /
BALANCER 2025/05/02 09:12:18 balancer.go:59: Перенаправление на сервер: http://localhost:8081
BALANCER 2025/05/02 09:12:18 balancer.go:45: Входящий запрос: GET /
BALANCER 2025/05/02 09:12:18 balancer.go:45: Входящий запрос: GET /
BALANCER 2025/05/02 09:12:18 balancer.go:59: Перенаправление на сервер: http://localhost:8082
BALANCER 2025/05/02 09:12:18 balancer.go:59: Перенаправление на сервер: http://localhost:8082
BALANCER 2025/05/02 09:12:18 balancer.go:45: Входящий запрос: GET /
BALANCER 2025/05/02 09:12:18 balancer.go:59: Перенаправление на сервер: http://localhost:8083
BALANCER 2025/05/02 09:12:18 balancer.go:45: Входящий запрос: GET /
BALANCER 2025/05/02 09:12:18 balancer.go:59: Перенаправление на сервер: http://localhost:8082
BALANCER 2025/05/02 09:12:18 balancer.go:45: Входящий запрос: GET /
BALANCER 2025/05/02 09:12:18 balancer.go:59: Перенаправление на сервер: http://localhost:8083
BALANCER 2025/05/02 09:12:18 balancer.go:45: Входящий запрос: GET /
BALANCER 2025/05/02 09:12:18 balancer.go:59: Перенаправление на сервер: http://localhost:8081
BALANCER 2025/05/02 09:12:18 balancer.go:45: Входящий запрос: GET /
BALANCER 2025/05/02 09:12:18 balancer.go:59: Перенаправление на сервер: http://localhost:8081
BALANCER 2025/05/02 09:12:18 balancer.go:45: Входящий запрос: GET /
BALANCER 2025/05/02 09:12:18 balancer.go:59: Перенаправление на сервер: http://localhost:8083
BALANCER 2025/05/02 09:12:18 balancer.go:45: Входящий запрос: GET /
BALANCER 2025/05/02 09:12:18 balancer.go:59: Перенаправление на сервер: http://localhost:8081
BALANCER 2025/05/02 09:12:18 balancer.go:45: Входящий запрос: GET /
BALANCER 2025/05/02 09:12:18 balancer.go:59: Перенаправление на сервер: http://localhost:8081
BALANCER 2025/05/02 09:12:18 balancer.go:45: Входящий запрос: GET /
BALANCER 2025/05/02 09:12:18 balancer.go:59: Перенаправление на сервер: http://localhost:8082
BALANCER 2025/05/02 09:12:18 balancer.go:45: Входящий запрос: GET /
BALANCER 2025/05/02 09:12:18 balancer.go:59: Перенаправление на сервер: http://localhost:8082
BALANCER 2025/05/02 09:12:18 balancer.go:45: Входящий запрос: GET /
BALANCER 2025/05/02 09:12:18 balancer.go:59: Перенаправление на сервер: http://localhost:8083
BALANCER 2025/05/02 09:12:18 balancer.go:45: Входящий запрос: GET /
BALANCER 2025/05/02 09:12:18 balancer.go:59: Перенаправление на сервер: http://localhost:8082
BALANCER 2025/05/02 09:12:18 balancer.go:45: Входящий запрос: GET /
BALANCER 2025/05/02 09:12:18 balancer.go:59: Перенаправление на сервер: http://localhost:8083
BALANCER 2025/05/02 09:12:18 balancer.go:45: Входящий запрос: GET /
BALANCER 2025/05/02 09:12:18 balancer.go:59: Перенаправление на сервер: http://localhost:8081
BALANCER 2025/05/02 09:12:18 balancer.go:45: Входящий запрос: GET /
BALANCER 2025/05/02 09:12:18 balancer.go:59: Перенаправление на сервер: http://localhost:8081
BALANCER 2025/05/02 09:12:18 balancer.go:45: Входящий запрос: GET /
BALANCER 2025/05/02 09:12:18 balancer.go:59: Перенаправление на сервер: http://localhost:8083
BALANCER 2025/05/02 09:12:18 balancer.go:45: Входящий запрос: GET /
BALANCER 2025/05/02 09:12:18 balancer.go:59: Перенаправление на сервер: http://localhost:8081
BALANCER 2025/05/02 09:12:18 balancer.go:45: Входящий запрос: GET /
BALANCER 2025/05/02 09:12:18 balancer.go:59: Перенаправление на сервер: http://localhost:8081
BALANCER 2025/05/02 09:12:18 balancer.go:45: Входящий запрос: GET /
BALANCER 2025/05/02 09:12:18 balancer.go:59: Перенаправление на сервер: http://localhost:8082
BALANCER 2025/05/02 09:12:18 balancer.go:45: Входящий запрос: GET /
BALANCER 2025/05/02 09:12:18 balancer.go:59: Перенаправление на сервер: http://localhost:8082
BALANCER 2025/05/02 09:12:18 balancer.go:45: Входящий запрос: GET /
BALANCER 2025/05/02 09:12:18 balancer.go:59: Перенаправление на сервер: http://localhost:8083
BALANCER 2025/05/02 09:12:18 balancer.go:45: Входящий запрос: GET /
BALANCER 2025/05/02 09:12:18 balancer.go:59: Перенаправление на сервер: http://localhost:8082
BALANCER 2025/05/02 09:12:25 backend.go:96: Сервер http://localhost:8082 состояние: alive=true
BALANCER 2025/05/02 09:12:25 backend.go:96: Сервер http://localhost:8081 состояние: alive=true
BALANCER 2025/05/02 09:12:25 backend.go:96: Сервер http://localhost:8083 состояние: alive=true
BALANCER 2025/05/02 09:12:35 backend.go:96: Сервер http://localhost:8081 состояние: alive=true
BALANCER 2025/05/02 09:12:35 backend.go:96: Сервер http://localhost:8082 состояние: alive=true
BALANCER 2025/05/02 09:12:35 backend.go:96: Сервер http://localhost:8083 состояние: alive=true
BALANCER 2025/05/02 09:12:45 backend.go:96: Сервер http://localhost:8083 состояние: alive=true
BALANCER 2025/05/02 09:12:45 backend.go:96: Сервер http://localhost:8081 состояние: alive=true
BALANCER 2025/05/02 09:12:45 backend.go:96: Сервер http://localhost:8082 состояние: alive=true
BALANCER 2025/05/02 09:12:55 backend.go:96: Сервер http://localhost:8082 состояние: alive=true
BALANCER 2025/05/02 09:12:55 backend.go:96: Сервер http://localhost:8083 состояние: alive=true
BALANCER 2025/05/02 09:12:55 backend.go:96: Сервер http://localhost:8081 состояние: alive=true
BALANCER 2025/05/02 09:13:05 backend.go:96: Сервер http://localhost:8083 состояние: alive=true
BALANCER 2025/05/02 09:13:05 backend.go:96: Сервер http://localhost:8082 состояние: alive=true
BALANCER 2025/05/02 09:13:05 backend.go:96: Сервер http://localhost:8081 состояние: alive=true
BALANCER 2025/05/02 09:13:07 balancer.go:45: Входящий запрос: GET /
BALANCER 2025/05/02 09:13:07 balancer.go:59: Перенаправление на сервер: http://localhost:8081
BALANCER 2025/05/02 09:13:07 balancer.go:45: Входящий запрос: GET /
BALANCER 2025/05/02 09:13:07 balancer.go:59: Перенаправление на сервер: http://localhost:8081
BALANCER 2025/05/02 09:13:07 balancer.go:45: Входящий запрос: GET /
BALANCER 2025/05/02 09:13:07 balancer.go:59: Перенаправление на сервер: http://localhost:8082
BALANCER 2025/05/02 09:13:07 balancer.go:45: Входящий запрос: GET /
BALANCER 2025/05/02 09:13:07 balancer.go:59: Перенаправление на сервер: http://localhost:8081
BALANCER 2025/05/02 09:13:07 balancer.go:45: Входящий запрос: GET /
BALANCER 2025/05/02 09:13:07 balancer.go:59: Перенаправление на сервер: http://localhost:8082
BALANCER 2025/05/02 09:13:07 balancer.go:45: Входящий запрос: GET /
BALANCER 2025/05/02 09:13:07 balancer.go:59: Перенаправление на сервер: http://localhost:8083
BALANCER 2025/05/02 09:13:07 balancer.go:45: Входящий запрос: GET /
BALANCER 2025/05/02 09:13:07 balancer.go:59: Перенаправление на сервер: http://localhost:8081
BALANCER 2025/05/02 09:13:07 balancer.go:45: Входящий запрос: GET /
BALANCER 2025/05/02 09:13:07 balancer.go:59: Перенаправление на сервер: http://localhost:8082
BALANCER 2025/05/02 09:13:07 balancer.go:45: Входящий запрос: GET /
BALANCER 2025/05/02 09:13:07 balancer.go:45: Входящий запрос: GET /
BALANCER 2025/05/02 09:13:07 balancer.go:59: Перенаправление на сервер: http://localhost:8083
BALANCER 2025/05/02 09:13:07 balancer.go:59: Перенаправление на сервер: http://localhost:8083
BALANCER 2025/05/02 09:13:07 balancer.go:45: Входящий запрос: GET /
BALANCER 2025/05/02 09:13:07 balancer.go:59: Перенаправление на сервер: http://localhost:8081
BALANCER 2025/05/02 09:13:07 balancer.go:45: Входящий запрос: GET /
BALANCER 2025/05/02 09:13:07 balancer.go:59: Перенаправление на сервер: http://localhost:8082
BALANCER 2025/05/02 09:13:07 balancer.go:45: Входящий запрос: GET /
BALANCER 2025/05/02 09:13:07 balancer.go:59: Перенаправление на сервер: http://localhost:8081
BALANCER 2025/05/02 09:13:07 balancer.go:45: Входящий запрос: GET /
BALANCER 2025/05/02 09:13:07 balancer.go:59: Перенаправление на сервер: http://localhost:8082
BALANCER 2025/05/02 09:13:07 balancer.go:45: Входящий запрос: GET /
BALANCER 2025/05/02 09:13:07 balancer.go:59: Перенаправление на сервер: http://localhost:8083
BALANCER 2025/05/02 09:13:07 balancer.go:45: Входящий запрос: GET /
BALANCER 2025/05/02 09:13:07 balancer.go:59: Перенаправление на сервер: http://localhost:8081
BALANCER 2025/05/02 09:13:07 balancer.go:45: Входящий запрос: GET /
BALANCER 2025/05/02 09:13:07 balancer.go:59: Перенаправление на сервер: http://localhost:8081
BALANCER 2025/05/02 09:13:07 balancer.go:45: Входящий запрос: GET /
BALANCER 2025/05/02 09:13:07 balancer.go:59: Перенаправление на сервер: http://localhost:8082
BALANCER 2025/05/02 09:13:07 balancer.go:45: Входящий запрос: GET /
BALANCER 2025/05/02 09:13:07 balancer.go:59: Перенаправление на сервер: http://localhost:8083
BALANCER 2025/05/02 09:13:07 balancer.go:45: Входящий запрос: GET /
BALANCER 2025/05/02 09:13:07 balancer.go:59: Перенаправление на сервер: http://localhost:8081
BALANCER 2025/05/02 09:13:07 balancer.go:45: Входящий запрос: GET /
BALANCER 2025/05/02 09:13:07 balancer.go:59: Перенаправление на сервер: http://localhost:8082
BALANCER 2025/05/02 09:13:07 balancer.go:45: Входящий запрос: GET /
BALANCER 2025/05/02 09:13:07 balancer.go:59: Перенаправление на сервер: http://localhost:8083
BALANCER 2025/05/02 09:13:07 balancer.go:45: Входящий запрос: GET /
BALANCER 2025/05/02 09:13:07 balancer.go:59: Перенаправление на сервер: http://localhost:8081
BALANCER 2025/05/02 09:13:07 balancer.go:45: Входящий запрос: GET /
BALANCER 2025/05/02 09:13:07 balancer.go:59: Перенаправление на сервер: http://localhost:8082
BALANCER 2025/05/02 09:13:07 balancer.go:45: Входящий запрос: GET /
BALANCER 2025/05/02 09:13:07 balancer.go:59: Перенаправление на сервер: http://localhost:8083
BALANCER 2025/05/02 09:13:07 balancer.go:45: Входящий запрос: GET /
BALANCER 2025/05/02 09:13:07 balancer.go:59: Перенаправление на сервер: http://localhost:8081
BALANCER 2025/05/02 09:13:07 balancer.go:45: Входящий запрос: GET /
BALANCER 2025/05/02 09:13:07 balancer.go:59: Перенаправление на сервер: http://localhost:8082
BALANCER 2025/05/02 09:13:07 balancer.go:45: Входящий запрос: GET /
BALANCER 2025/05/02 09:13:07 balancer.go:59: Перенаправление на сервер: http://localhost:8081
BALANCER 2025/05/02 09:13:07 balancer.go:45: Входящий запрос: GET /
BALANCER 2025/05/02 09:13:07 balancer.go:59: Перенаправление на сервер: http://localhost:8083
BALANCER 2025/05/02 09:13:07 balancer.go:45: Входящий запрос: GET /
BALANCER 2025/05/02 09:13:07 balancer.go:59: Перенаправление на сервер: http://localhost:8082
BALANCER 2025/05/02 09:13:07 balancer.go:45: Входящий запрос: GET /
BALANCER 2025/05/02 09:13:07 balancer.go:59: Перенаправление на сервер: http://localhost:8081
BALANCER 2025/05/02 09:13:07 balancer.go:45: Входящий запрос: GET /
BALANCER 2025/05/02 09:13:07 balancer.go:45: Входящий запрос: GET /
BALANCER 2025/05/02 09:13:07 balancer.go:59: Перенаправление на сервер: http://localhost:8083
BALANCER 2025/05/02 09:13:07 balancer.go:59: Перенаправление на сервер: http://localhost:8083
BALANCER 2025/05/02 09:13:07 balancer.go:45: Входящий запрос: GET /
BALANCER 2025/05/02 09:13:07 balancer.go:59: Перенаправление на сервер: http://localhost:8081
BALANCER 2025/05/02 09:13:07 balancer.go:45: Входящий запрос: GET /
BALANCER 2025/05/02 09:13:07 balancer.go:59: Перенаправление на сервер: http://localhost:8082
BALANCER 2025/05/02 09:13:07 balancer.go:45: Входящий запрос: GET /
BALANCER 2025/05/02 09:13:07 balancer.go:59: Перенаправление на сервер: http://localhost:8081
BALANCER 2025/05/02 09:13:07 balancer.go:45: Входящий запрос: GET /
BALANCER 2025/05/02 09:13:07 balancer.go:59: Перенаправление на сервер: http://localhost:8082
BALANCER 2025/05/02 09:13:07 balancer.go:45: Входящий запрос: GET /
BALANCER 2025/05/02 09:13:07 balancer.go:59: Перенаправление на сервер: http://localhost:8082
BALANCER 2025/05/02 09:13:07 balancer.go:45: Входящий запрос: GET /
BALANCER 2025/05/02 09:13:07 balancer.go:59: Перенаправление на сервер: http://localhost:8083
BALANCER 2025/05/02 09:13:07 balancer.go:45: Входящий запрос: GET /
BALANCER 2025/05/02 09:13:07 balancer.go:59: Перенаправление на сервер: http://localhost:8081
BALANCER 2025/05/02 09:13:07 balancer.go:45: Входящий запрос: GET /
BALANCER 2025/05/02 09:13:07 balancer.go:59: Перенаправление на сервер: http://localhost:8083
BALANCER 2025/05/02 09:13:07 balancer.go:45: Входящий запрос: GET /
BALANCER 2025/05/02 09:13:07 balancer.go:59: Перенаправление на сервер: http://localhost:8083
BALANCER 2025/05/02 09:13:07 balancer.go:45: Входящий запрос: GET /
BALANCER 2025/05/02 09:13:07 balancer.go:59: Перенаправление на сервер: http://localhost:8081
BALANCER 2025/05/02 09:13:07 balancer.go:45: Входящий запрос: GET /
BALANCER 2025/05/02 09:13:07 balancer.go:59: Перенаправление на сервер: http://localhost:8082
BALANCER 2025/05/02 09:13:07 balancer.go:45: Входящий запрос: GET /
BALANCER 2025/05/02 09:13:07 balancer.go:59: Перенаправление на сервер: http://localhost:8081
BALANCER 2025/05/02 09:13:07 balancer.go:45: Входящий запрос: GET /
BALANCER 2025/05/02 09:13:07 balancer.go:59: Перенаправление на сервер: http://localhost:8082
BALANCER 2025/05/02 09:13:07 balancer.go:45: Входящий запрос: GET /
BALANCER 2025/05/02 09:13:07 balancer.go:59: Перенаправление на сервер: http://localhost:8082
BALANCER 2025/05/02 09:13:07 balancer.go:45: Входящий запрос: GET /
BALANCER 2025/05/02 09:13:07 balancer.go:59: Перенаправление на сервер: http://localhost:8081
BALANCER 2025/05/02 09:13:07 balancer.go:45: Входящий запрос: GET /
BALANCER 2025/05/02 09:13:07 balancer.go:59: Перенаправление на сервер: http://localhost:8083
BALANCER 2025/05/02 09:13:07 balancer.go:45: Входящий запрос: GET /
BALANCER 2025/05/02 09:13:07 balancer.go:59: Перенаправление на сервер: http://localhost:8081
BALANCER 2025/05/02 09:13:08 balancer.go:45: Входящий запрос: GET /
BALANCER 2025/05/02 09:13:08 balancer.go:59: Перенаправление на сервер: http://localhost:8081
BALANCER 2025/05/02 09:13:08 balancer.go:45: Входящий запрос: GET /
BALANCER 2025/05/02 09:13:08 balancer.go:59: Перенаправление на сервер: http://localhost:8081
BALANCER 2025/05/02 09:13:08 balancer.go:45: Входящий запрос: GET /
BALANCER 2025/05/02 09:13:08 balancer.go:59: Перенаправление на сервер: http://localhost:8082
BALANCER 2025/05/02 09:13:08 balancer.go:45: Входящий запрос: GET /
BALANCER 2025/05/02 09:13:08 balancer.go:59: Перенаправление на сервер: http://localhost:8083
BALANCER 2025/05/02 09:13:08 balancer.go:45: Входящий запрос: GET /
BALANCER 2025/05/02 09:13:08 balancer.go:59: Перенаправление на сервер: http://localhost:8081
BALANCER 2025/05/02 09:13:08 balancer.go:45: Входящий запрос: GET /
BALANCER 2025/05/02 09:13:08 balancer.go:59: Перенаправление на сервер: http://localhost:8082
BALANCER 2025/05/02 09:13:08 balancer.go:45: Входящий запрос: GET /
BALANCER 2025/05/02 09:13:08 balancer.go:59: Перенаправление на сервер: http://localhost:8081
BALANCER 2025/05/02 09:13:08 balancer.go:45: Входящий запрос: GET /
BALANCER 2025/05/02 09:13:08 balancer.go:59: Перенаправление на сервер: http://localhost:8082
BALANCER 2025/05/02 09:13:08 balancer.go:45: Входящий запрос: GET /
BALANCER 2025/05/02 09:13:08 balancer.go:59: Перенаправление на сервер: http://localhost:8083
BALANCER 2025/05/02 09:13:08 balancer.go:45: Входящий запрос: GET /
BALANCER 2025/05/02 09:13:08 balancer.go:59: Перенаправление на сервер: http://localhost:8081
BALANCER 2025/05/02 09:13:08 balancer.go:45: Входящий запрос: GET /
BALANCER 2025/05/02 09:13:08 balancer.go:59: Перенаправление на сервер: http://localhost:8082
BALANCER 2025/05/02 09:13:08 balancer.go:45: Входящий запрос: GET /
BALANCER 2025/05/02 09:13:08 balancer.go:59: Перенаправление на сервер: http://localhost:8083
BALANCER 2025/05/02 09:13:08 balancer.go:45: Входящий запрос: GET /
BALANCER 2025/05/02 09:13:08 balancer.go:59: Перенаправление на сервер: http://localhost:8081
BALANCER 2025/05/02 09:13:08 balancer.go:45: Входящий запрос: GET /
BALANCER 2025/05/02 09:13:08 balancer.go:59: Перенаправление на сервер: http://localhost:8082
BALANCER 2025/05/02 09:13:08 balancer.go:45: Входящий запрос: GET /
BALANCER 2025/05/02 09:13:08 balancer.go:59: Перенаправление на сервер: http://localhost:8083
BALANCER 2025/05/02 09:13:08 balancer.go:45: Входящий запрос: GET /
BALANCER 2025/05/02 09:13:08 balancer.go:59: Перенаправление на сервер: http://localhost:8081
BALANCER 2025/05/02 09:13:08 balancer.go:45: Входящий запрос: GET /
BALANCER 2025/05/02 09:13:08 balancer.go:59: Перенаправление на сервер: http://localhost:8081
BALANCER 2025/05/02 09:13:08 balancer.go:45: Входящий запрос: GET /
BALANCER 2025/05/02 09:13:08 balancer.go:59: Перенаправление на сервер: http://localhost:8082
BALANCER 2025/05/02 09:13:08 balancer.go:45: Входящий запрос: GET /
BALANCER 2025/05/02 09:13:08 balancer.go:59: Перенаправление на сервер: http://localhost:8083
BALANCER 2025/05/02 09:13:08 balancer.go:45: Входящий запрос: GET /
BALANCER 2025/05/02 09:13:08 balancer.go:45: Входящий запрос: GET /
BALANCER 2025/05/02 09:13:08 balancer.go:59: Перенаправление на сервер: http://localhost:8081
BALANCER 2025/05/02 09:13:08 balancer.go:59: Перенаправление на сервер: http://localhost:8081
BALANCER 2025/05/02 09:13:08 balancer.go:45: Входящий запрос: GET /
BALANCER 2025/05/02 09:13:08 balancer.go:59: Перенаправление на сервер: http://localhost:8082
BALANCER 2025/05/02 09:13:08 balancer.go:45: Входящий запрос: GET /
BALANCER 2025/05/02 09:13:08 balancer.go:59: Перенаправление на сервер: http://localhost:8083
BALANCER 2025/05/02 09:13:08 balancer.go:45: Входящий запрос: GET /
BALANCER 2025/05/02 09:13:08 balancer.go:59: Перенаправление на сервер: http://localhost:8082
BALANCER 2025/05/02 09:13:08 balancer.go:45: Входящий запрос: GET /
BALANCER 2025/05/02 09:13:08 balancer.go:59: Перенаправление на сервер: http://localhost:8083
BALANCER 2025/05/02 09:13:08 balancer.go:45: Входящий запрос: GET /
BALANCER 2025/05/02 09:13:08 balancer.go:59: Перенаправление на сервер: http://localhost:8081
BALANCER 2025/05/02 09:13:08 balancer.go:45: Входящий запрос: GET /
BALANCER 2025/05/02 09:13:08 balancer.go:59: Перенаправление на сервер: http://localhost:8082
BALANCER 2025/05/02 09:13:08 balancer.go:45: Входящий запрос: GET /
BALANCER 2025/05/02 09:13:08 balancer.go:45: Входящий запрос: GET /
BALANCER 2025/05/02 09:13:08 balancer.go:59: Перенаправление на сервер: http://localhost:8081
BALANCER 2025/05/02 09:13:08 balancer.go:59: Перенаправление на сервер: http://localhost:8081
BALANCER 2025/05/02 09:13:08 balancer.go:45: Входящий запрос: GET /
BALANCER 2025/05/02 09:13:08 balancer.go:59: Перенаправление на сервер: http://localhost:8083
BALANCER 2025/05/02 09:13:08 balancer.go:45: Входящий запрос: GET /
BALANCER 2025/05/02 09:13:08 balancer.go:59: Перенаправление на сервер: http://localhost:8082
BALANCER 2025/05/02 09:13:08 balancer.go:45: Входящий запрос: GET /
BALANCER 2025/05/02 09:13:08 balancer.go:59: Перенаправление на сервер: http://localhost:8083
BALANCER 2025/05/02 09:13:08 balancer.go:45: Входящий запрос: GET /
BALANCER 2025/05/02 09:13:08 balancer.go:59: Перенаправление на сервер: http://localhost:8081
BALANCER 2025/05/02 09:13:08 balancer.go:45: Входящий запрос: GET /
BALANCER 2025/05/02 09:13:08 balancer.go:59: Перенаправление на сервер: http://localhost:8082
BALANCER 2025/05/02 09:13:08 balancer.go:45: Входящий запрос: GET /
BALANCER 2025/05/02 09:13:08 balancer.go:59: Перенаправление на сервер: http://localhost:8083
BALANCER 2025/05/02 09:13:08 balancer.go:45: Входящий запрос: GET /
BALANCER 2025/05/02 09:13:08 balancer.go:59: Перенаправление на сервер: http://localhost:8081
BALANCER 2025/05/02 09:13:08 balancer.go:45: Входящий запрос: GET /
BALANCER 2025/05/02 09:13:08 balancer.go:59: Перенаправление на сервер: http://localhost:8081
BALANCER 2025/05/02 09:13:08 balancer.go:45: Входящий запрос: GET /
BALANCER 2025/05/02 09:13:08 balancer.go:59: Перенаправление на сервер: http://localhost:8082
BALANCER 2025/05/02 09:13:08 balancer.go:45: Входящий запрос: GET /
BALANCER 2025/05/02 09:13:08 balancer.go:59: Перенаправление на сервер: http://localhost:8083
BALANCER 2025/05/02 09:13:08 balancer.go:45: Входящий запрос: GET /
BALANCER 2025/05/02 09:13:08 balancer.go:59: Перенаправление на сервер: http://localhost:8081
BALANCER 2025/05/02 09:13:08 balancer.go:45: Входящий запрос: GET /
BALANCER 2025/05/02 09:13:08 balancer.go:59: Перенаправление на сервер: http://localhost:8082
BALANCER 2025/05/02 09:13:08 balancer.go:45: Входящий запрос: GET /
BALANCER 2025/05/02 09:13:08 balancer.go:59: Перенаправление на сервер: http://localhost:8083
BALANCER 2025/05/02 09:13:08 balancer.go:45: Входящий запрос: GET /
BALANCER 2025/05/02 09:13:08 balancer.go:59: Перенаправление на сервер: http://localhost:8081
BALANCER 2025/05/02 09:13:08 balancer.go:45: Входящий запрос: GET /
BALANCER 2025/05/02 09:13:08 balancer.go:59: Перенаправление на сервер: http://localhost:8082
BALANCER 2025/05/02 09:13:08 balancer.go:45: Входящий запрос: GET /
BALANCER 2025/05/02 09:13:08 balancer.go:45: Входящий запрос: GET /
BALANCER 2025/05/02 09:13:08 balancer.go:59: Перенаправление на сервер: http://localhost:8083
BALANCER 2025/05/02 09:13:08 balancer.go:59: Перенаправление на сервер: http://localhost:8083
BALANCER 2025/05/02 09:13:08 balancer.go:45: Входящий запрос: GET /
BALANCER 2025/05/02 09:13:08 balancer.go:59: Перенаправление на сервер: http://localhost:8081
BALANCER 2025/05/02 09:13:08 balancer.go:45: Входящий запрос: GET /
BALANCER 2025/05/02 09:13:08 balancer.go:59: Перенаправление на сервер: http://localhost:8082
BALANCER 2025/05/02 09:13:08 balancer.go:45: Входящий запрос: GET /
BALANCER 2025/05/02 09:13:08 balancer.go:59: Перенаправление на сервер: http://localhost:8081
BALANCER 2025/05/02 09:13:09 balancer.go:45: Входящий запрос: GET /
BALANCER 2025/05/02 09:13:09 balancer.go:59: Перенаправление на сервер: http://localhost:8081
BALANCER 2025/05/02 09:13:15 backend.go:96: Сервер http://localhost:8083 состояние: alive=true
BALANCER 2025/05/02 09:13:15 backend.go:96: Сервер http://localhost:8082 состояние: alive=true
BALANCER 2025/05/02 09:13:15 backend.go:96: Сервер http://localhost:8081 состояние: alive=true
BALANCER 2025/05/02 09:13:25 backend.go:96: Сервер http://localhost:8082 состояние: alive=true
BALANCER 2025/05/02 09:13:25 backend.go:96: Сервер http://localhost:8083 состояние: alive=true
BALANCER 2025/05/02 09:13:25 backend.go:96: Сервер http://localhost:8081 состояние: alive=true
BALANCER 2025/05/02 09:13:35 backend.go:96: Сервер http://localhost:8082 состояние: alive=true
BALANCER 2025/05/02 09:13:35 backend.go:96: Сервер http://localhost:8083 состояние: alive=true
BALANCER 2025/05/02 09:13:35 backend.go:96: Сервер http://localhost:8081 состояние: alive=true
BALANCER 2025/05/02 09:13:45 backend.go:96: Сервер http://localhost:8082 состояние: alive=true
BALANCER 2025/05/02 09:13:45 backend.go:96: Сервер http://localhost:8081 состояние: alive=true
BALANCER 2025/05/02 09:13:45 backend.go:96: Сервер http://localhost:8083 состояние: alive=true
BALANCER 2025/05/02 09:13:55 backend.go:96: Сервер http://localhost:8081 состояние: alive=true
BALANCER 2025/05/02 09:13:55 backend.go:96: Сервер http://localhost:8082 состояние: alive=true
BALANCER 2025/05/02 09:13:55 backend.go:96: Сервер http://localhost:8083 состояние: alive=true
BALANCER 2025/05/02 09:14:05 backend.go:96: Сервер http://localhost:8083 состояние: alive=true
BALANCER 2025/05/02 09:14:05 backend.go:96: Сервер http://localhost:8081 состояние: alive=true
BALANCER 2025/05/02 09:14:05 backend.go:96: Сервер http://localhost:8082 состояние: alive=true
BALANCER 2025/05/02 09:14:15 backend.go:96: Сервер http://localhost:8081 состояние: alive=true
BALANCER 2025/05/02 09:14:15 backend.go:96: Сервер http://localhost:8083 состояние: alive=true
BALANCER 2025/05/02 09:14:15 backend.go:96: Сервер http://localhost:8082 состояние: alive=true
BALANCER 2025/05/02 09:14:25 backend.go:96: Сервер http://localhost:8081 состояние: alive=true
BALANCER 2025/05/02 09:14:25 backend.go:96: Сервер http://localhost:8082 состояние: alive=true
BALANCER 2025/05/02 09:14:25 backend.go:96: Сервер http://localhost:8083 состояние: alive=true
BALANCER 2025/05/02 09:14:35 main.go:111: завершение работы...
BALANCER 2025/05/02 09:14:35 main.go:31: Завершение работы балансировщика
BALANCER 2025/05/02 09:14:35 backend.go:96: Сервер http://localhost:8081 состояние: alive=true
BALANCER 2025/05/02 09:14:35 backend.go:96: Сервер http://localhost:8083 состояние: alive=true
BALANCER 2025/05/02 09:14:35 backend.go:96: Сервер http://localhost:8082 состояние: alive=true
BALANCER 2025/05/02 09:15:57 main.go:103: запуск сервера на :8080
BALANCER 2025/05/02 09:16:00 balancer.go:45: Входящий запрос: GET /
BALANCER 2025/05/02 09:16:00 balancer.go:59: Перенаправление на сервер: http://localhost:8081
BALANCER 2025/05/02 09:16:00 balancer.go:45: Входящий запрос: GET /
BALANCER 2025/05/02 09:16:00 balancer.go:59: Перенаправление на сервер: http://localhost:8081
BALANCER 2025/05/02 09:16:00 balancer.go:45: Входящий запрос: GET /
BALANCER 2025/05/02 09:16:00 balancer.go:59: Перенаправление на сервер: http://localhost:8082
BALANCER 2025/05/02 09:16:00 balancer.go:45: Входящий запрос: GET /
BALANCER 2025/05/02 09:16:00 balancer.go:59: Перенаправление на сервер: http://localhost:8083
BALANCER 2025/05/02 09:16:00 balancer.go:45: Входящий запрос: GET /
BALANCER 2025/05/02 09:16:00 balancer.go:59: Перенаправление на сервер: http://localhost:8081
BALANCER 2025/05/02 09:16:00 balancer.go:45: Входящий запрос: GET /
BALANCER 2025/05/02 09:16:00 balancer.go:59: Перенаправление на сервер: http://localhost:8082
BALANCER 2025/05/02 09:16:00 balancer.go:45: Входящий запрос: GET /
BALANCER 2025/05/02 09:16:00 balancer.go:59: Перенаправление на сервер: http://localhost:8083
BALANCER 2025/05/02 09:16:00 balancer.go:45: Входящий запрос: GET /
BALANCER 2025/05/02 09:16:00 balancer.go:59: Перенаправление на сервер: http://localhost:8081
BALANCER 2025/05/02 09:16:00 balancer.go:45: Входящий запрос: GET /
BALANCER 2025/05/02 09:16:00 balancer.go:59: Перенаправление на сервер: http://localhost:8081
BALANCER 2025/05/02 09:16:00 balancer.go:45: Входящий запрос: GET /
BALANCER 2025/05/02 09:16:00 balancer.go:59: Перенаправление на сервер: http://localhost:8082
BALANCER 2025/05/02 09:16:00 balancer.go:45: Входящий запрос: GET /
BALANCER 2025/05/02 09:16:00 balancer.go:59: Перенаправление на сервер: http://localhost:8083
BALANCER 2025/05/02 09:16:00 balancer.go:45: Входящий запрос: GET /
BALANCER 2025/05/02 09:16:00 balancer.go:59: Перенаправление на сервер: http://localhost:8081
BALANCER 2025/05/02 09:16:00 balancer.go:45: Входящий запрос: GET /
BALANCER 2025/05/02 09:16:00 balancer.go:59: Перенаправление на сервер: http://localhost:8081
BALANCER 2025/05/02 09:16:00 balancer.go:45: Входящий запрос: GET /
BALANCER 2025/05/02 09:16:00 balancer.go:59: Перенаправление на сервер: http://localhost:8081
BALANCER 2025/05/02 09:16:00 balancer.go:45: Входящий запрос: GET /
BALANCER 2025/05/02 09:16:00 balancer.go:59: Перенаправление на сервер: http://localhost:8081
BALANCER 2025/05/02 09:16:00 balancer.go:45: Входящий запрос: GET /
BALANCER 2025/05/02 09:16:00 balancer.go:59: Перенаправление на сервер: http://localhost:8081
BALANCER 2025/05/02 09:16:00 balancer.go:45: Входящий запрос: GET /
BALANCER 2025/05/02 09:16:00 balancer.go:59: Перенаправление на сервер: http://localhost:8082
BALANCER 2025/05/02 09:16:00 balancer.go:45: Входящий запрос: GET /
BALANCER 2025/05/02 09:16:00 balancer.go:59: Перенаправление на сервер: http://localhost:8082
BALANCER 2025/05/02 09:16:00 balancer.go:45: Входящий запрос: GET /
BALANCER 2025/05/02 09:16:00 balancer.go:59: Перенаправление на сервер: http://localhost:8083
BALANCER 2025/05/02 09:16:00 balancer.go:45: Входящий запрос: GET /
BALANCER 2025/05/02 09:16:00 balancer.go:59: Перенаправление на сервер: http://localhost:8083
BALANCER 2025/05/02 09:16:00 balancer.go:45: Входящий запрос: GET /
BALANCER 2025/05/02 09:16:00 balancer.go:59: Перенаправление на сервер: http://localhost:8082
BALANCER 2025/05/02 09:16:00 balancer.go:45: Входящий запрос: GET /
BALANCER 2025/05/02 09:16:00 balancer.go:59: Перенаправление на сервер: http://localhost:8083
BALANCER 2025/05/02 09:16:00 balancer.go:45: Входящий запрос: GET /
BALANCER 2025/05/02 09:16:00 balancer.go:59: Перенаправление на сервер: http://localhost:8081
BALANCER 2025/05/02 09:16:00 balancer.go:45: Входящий запрос: GET /
BALANCER 2025/05/02 09:16:00 balancer.go:59: Перенаправление на сервер: http://localhost:8081
BALANCER 2025/05/02 09:16:00 balancer.go:45: Входящий запрос: GET /
BALANCER 2025/05/02 09:16:00 balancer.go:59: Перенаправление на сервер: http://localhost:8081
BALANCER 2025/05/02 09:16:00 balancer.go:45: Входящий запрос: GET /
BALANCER 2025/05/02 09:16:00 balancer.go:59: Перенаправление на сервер: http://localhost:8081
BALANCER 2025/05/02 09:16:00 balancer.go:45: Входящий запрос: GET /
BALANCER 2025/05/02 09:16:00 balancer.go:59: Перенаправление на сервер: http://localhost:8082
BALANCER 2025/05/02 09:16:00 balancer.go:45: Входящий запрос: GET /
BALANCER 2025/05/02 09:16:00 balancer.go:59: Перенаправление на сервер: http://localhost:8082
BALANCER 2025/05/02 09:16:00 balancer.go:45: Входящий запрос: GET /
BALANCER 2025/05/02 09:16:00 balancer.go:59: Перенаправление на сервер: http://localhost:8083
BALANCER 2025/05/02 09:16:00 balancer.go:45: Входящий запрос: GET /
BALANCER 2025/05/02 09:16:00 balancer.go:59: Перенаправление на сервер: http://localhost:8083
BALANCER 2025/05/02 09:16:00 balancer.go:45: Входящий запрос: GET /
BALANCER 2025/05/02 09:16:00 balancer.go:59: Перенаправление на сервер: http://localhost:8081
BALANCER 2025/05/02 09:16:00 balancer.go:45: Входящий запрос: GET /
BALANCER 2025/05/02 09:16:00 balancer.go:59: Перенаправление на сервер: http://localhost:8081
BALANCER 2025/05/02 09:16:00 balancer.go:45: Входящий запрос: GET /
BALANCER 2025/05/02 09:16:00 balancer.go:59: Перенаправление на сервер: http://localhost:8081
BALANCER 2025/05/02 09:16:00 balancer.go:45: Входящий запрос: GET /
BALANCER 2025/05/02 09:16:00 balancer.go:45: Входящий запрос: GET /
BALANCER 2025/05/02 09:16:00 balancer.go:59: Перенаправление на сервер: http://localhost:8082
BALANCER 2025/05/02 09:16:00 balancer.go:59: Перенаправление на сервер: http://localhost:8082
BALANCER 2025/05/02 09:16:00 balancer.go:45: Входящий запрос: GET /
BALANCER 2025/05/02 09:16:00 balancer.go:59: Перенаправление на сервер: http://localhost:8083
BALANCER 2025/05/02 09:16:00 balancer.go:45: Входящий запрос: GET /
BALANCER 2025/05/02 09:16:00 balancer.go:59: Перенаправление на сервер: http://localhost:8081
BALANCER 2025/05/02 09:16:00 balancer.go:45: Входящий запрос: GET /
BALANCER 2025/05/02 09:16:00 balancer.go:59: Перенаправление на сервер: http://localhost:8082
BALANCER 2025/05/02 09:16:00 balancer.go:45: Входящий запрос: GET /
BALANCER 2025/05/02 09:16:00 balancer.go:45: Входящий запрос: GET /
BALANCER 2025/05/02 09:16:00 balancer.go:59: Перенаправление на сервер: http://localhost:8083
BALANCER 2025/05/02 09:16:00 balancer.go:59: Перенаправление на сервер: http://localhost:8083
BALANCER 2025/05/02 09:16:00 balancer.go:45: Входящий запрос: GET /
BALANCER 2025/05/02 09:16:00 balancer.go:45: Входящий запрос: GET /
BALANCER 2025/05/02 09:16:00 balancer.go:59: Перенаправление на сервер: http://localhost:8081
BALANCER 2025/05/02 09:16:00 balancer.go:59: Перенаправление на сервер: http://localhost:8081
BALANCER 2025/05/02 09:16:00 balancer.go:45: Входящий запрос: GET /
BALANCER 2025/05/02 09:16:00 balancer.go:59: Перенаправление на сервер: http://localhost:8082
BALANCER 2025/05/02 09:16:00 balancer.go:45: Входящий запрос: GET /
BALANCER 2025/05/02 09:16:00 balancer.go:59: Перенаправление на сервер: http://localhost:8082
BALANCER 2025/05/02 09:16:00 balancer.go:45: Входящий запрос: GET /
BALANCER 2025/05/02 09:16:00 balancer.go:59: Перенаправление на сервер: http://localhost:8083
BALANCER 2025/05/02 09:16:00 balancer.go:45: Входящий запрос: GET /
BALANCER 2025/05/02 09:16:00 balancer.go:59: Перенаправление на сервер: http://localhost:8081
BALANCER 2025/05/02 09:16:00 balancer.go:45: Входящий запрос: GET /
BALANCER 2025/05/02 09:16:00 balancer.go:59: Перенаправление на сервер: http://localhost:8081
BALANCER 2025/05/02 09:16:00 balancer.go:45: Входящий запрос: GET /
BALANCER 2025/05/02 09:16:00 balancer.go:59: Перенаправление на сервер: http://localhost:8082
BALANCER 2025/05/02 09:16:00 balancer.go:45: Входящий запрос: GET /
BALANCER 2025/05/02 09:16:00 balancer.go:59: Перенаправление на сервер: http://localhost:8083
BALANCER 2025/05/02 09:16:00 balancer.go:45: Входящий запрос: GET /
BALANCER 2025/05/02 09:16:00 balancer.go:59: Перенаправление на сервер: http://localhost:8083
BALANCER 2025/05/02 09:16:07 backend.go:96: Сервер http://localhost:8081 состояние: alive=true
BALANCER 2025/05/02 09:16:07 backend.go:96: Сервер http://localhost:8083 состояние: alive=true
BALANCER 2025/05/02 09:16:07 backend.go:96: Сервер http://localhost:8082 состояние: alive=true
BALANCER 2025/05/02 09:16:17 backend.go:96: Сервер http://localhost:8081 состояние: alive=true
BALANCER 2025/05/02 09:16:17 backend.go:96: Сервер http://localhost:8083 состояние: alive=true
BALANCER 2025/05/02 09:16:17 backend.go:96: Сервер http://localhost:8082 состояние: alive=true
BALANCER 2025/05/02 09:16:27 backend.go:96: Сервер http://localhost:8081 состояние: alive=true
BALANCER 2025/05/02 09:16:27 backend.go:96: Сервер http://localhost:8082 состояние: alive=true
BALANCER 2025/05/02 09:16:27 backend.go:96: Сервер http://localhost:8083 состояние: alive=true
BALANCER 2025/05/02 09:16:37 backend.go:96: Сервер http://localhost:8083 состояние: alive=true
BALANCER 2025/05/02 09:16:37 backend.go:96: Сервер http://localhost:8082 состояние: alive=true
BALANCER 2025/05/02 09:16:37 backend.go:96: Сервер http://localhost:8081 состояние: alive=true
BALANCER 2025/05/02 09:16:47 backend.go:96: Сервер http://localhost:8081 состояние: alive=true
BALANCER 2025/05/02 09:16:47 backend.go:96: Сервер http://localhost:8082 состояние: alive=true
BALANCER 2025/05/02 09:16:47 backend.go:96: Сервер http://localhost:8083 состояние: alive=true
BALANCER 2025/05/02 09:16:57 backend.go:96: Сервер http://localhost:8082 состояние: alive=true
BALANCER 2025/05/02 09:16:57 backend.go:96: Сервер http://localhost:8083 состояние: alive=true
BALANCER 2025/05/02 09:16:57 backend.go:96: Сервер http://localhost:8081 состояние: alive=true
BALANCER 2025/05/02 09:17:03 balancer.go:45: Входящий запрос: GET /
BALANCER 2025/05/02 09:17:03 balancer.go:59: Перенаправление на сервер: http://localhost:8081
BALANCER 2025/05/02 09:17:07 backend.go:96: Сервер http://localhost:8081 состояние: alive=true
BALANCER 2025/05/02 09:17:07 backend.go:96: Сервер http://localhost:8083 состояние: alive=true
BALANCER 2025/05/02 09:17:07 backend.go:96: Сервер http://localhost:8082 состояние: alive=true
BALANCER 2025/05/02 09:17:17 backend.go:96: Сервер http://localhost:8081 состояние: alive=true
BALANCER 2025/05/02 09:17:17 backend.go:96: Сервер http://localhost:8082 состояние: alive=true
BALANCER 2025/05/02 09:17:17 backend.go:96: Сервер http://localhost:8083 состояние: alive=true
BALANCER 2025/05/02 09:17:27 backend.go:96: Сервер http://localhost:8082 состояние: alive=true
BALANCER 2025/05/02 09:17:27 backend.go:96: Сервер http://localhost:8081 состояние: alive=true
BALANCER 2025/05/02 09:17:27 backend.go:96: Сервер http://localhost:8083 состояние: alive=true
BALANCER 2025/05/02 09:17:37 backend.go:96: Сервер http://localhost:8083 состояние: alive=true
BALANCER 2025/05/02 09:17:37 backend.go:96: Сервер http://localhost:8081 состояние: alive=true
BALANCER 2025/05/02 09:17:37 backend.go:96: Сервер http://localhost:8082 состояние: alive=true
BALANCER 2025/05/02 09:17:47 backend.go:96: Сервер http://localhost:8083 состояние: alive=true
BALANCER 2025/05/02 09:17:47 backend.go:96: Сервер http://localhost:8082 состояние: alive=true
BALANCER 2025/05/02 09:17:47 backend.go:96: Сервер http://localhost:8081 состояние: alive=true
BALANCER 2025/05/02 09:17:57 backend.go:96: Сервер http://localhost:8082 состояние: alive=true
BALANCER 2025/05/02 09:17:57 backend.go:96: Сервер http://localhost:8081 состояние: alive=true
BALANCER 2025/05/02 09:17:57 backend.go:96: Сервер http://localhost:8083 состояние: alive=true
BALANCER 2025/05/02 09:18:07 backend.go:96: Сервер http://localhost:8082 состояние: alive=true
BALANCER 2025/05/02 09:18:07 backend.go:96: Сервер http://localhost:8081 состояние: alive=true
BALANCER 2025/05/02 09:18:07 backend.go:96: Сервер http://localhost:8083 состояние: alive=true
BALANCER 2025/05/02 09:18:08 balancer.go:45: Входящий запрос: GET /
BALANCER 2025/05/02 09:18:08 balancer.go:59: Перенаправление на сервер: http://localhost:8081
BALANCER 2025/05/02 09:18:17 backend.go:96: Сервер http://localhost:8081 состояние: alive=true
BALANCER 2025/05/02 09:18:17 backend.go:96: Сервер http://localhost:8083 состояние: alive=true
BALANCER 2025/05/02 09:18:17 backend.go:96: Сервер http://localhost:8082 состояние: alive=true
BALANCER 2025/05/02 09:18:27 backend.go:96: Сервер http://localhost:8082 состояние: alive=true
BALANCER 2025/05/02 09:18:27 backend.go:96: Сервер http://localhost:8083 состояние: alive=true
BALANCER 2025/05/02 09:18:27 backend.go:96: Сервер http://localhost:8081 состояние: alive=true
BALANCER 2025/05/02 09:18:37 backend.go:96: Сервер http://localhost:8083 состояние: alive=true
BALANCER 2025/05/02 09:18:37 backend.go:96: Сервер http://localhost:8081 состояние: alive=true
BALANCER 2025/05/02 09:18:37 backend.go:96: Сервер http://localhost:8082 состояние: alive=true
BALANCER 2025/05/02 09:18:47 backend.go:96: Сервер http://localhost:8081 состояние: alive=true
BALANCER 2025/05/02 09:18:47 backend.go:96: Сервер http://localhost:8082 состояние: alive=true
BALANCER 2025/05/02 09:18:47 backend.go:96: Сервер http://localhost:8083 состояние: alive=true
BALANCER 2025/05/02 09:18:57 backend.go:96: Сервер http://localhost:8083 состояние: alive=true
BALANCER 2025/05/02 09:18:57 backend.go:96: Сервер http://localhost:8081 состояние: alive=true
BALANCER 2025/05/02 09:18:57 backend.go:96: Сервер http://localhost:8082 состояние: alive=true
BALANCER 2025/05/02 09:19:07 backend.go:96: Сервер http://localhost:8082 состояние: alive=true
BALANCER 2025/05/02 09:19:07 backend.go:96: Сервер http://localhost:8083 состояние: alive=true
BALANCER 2025/05/02 09:19:07 backend.go:96: Сервер http://localhost:8081 состояние: alive=true
BALANCER 2025/05/02 09:19:17 backend.go:96: Сервер http://localhost:8083 состояние: alive=true
BALANCER 2025/05/02 09:19:17 backend.go:96: Сервер http://localhost:8081 состояние: alive=true
BALANCER 2025/05/02 09:19:17 backend.go:96: Сервер http://localhost:8082 состояние: alive=true
BALANCER 2025/05/02 09:19:27 backend.go:96: Сервер http://localhost:8081 состояние: alive=true
BALANCER 2025/05/02 09:19:27 backend.go:96: Сервер http://localhost:8082 состояние: alive=true
BALANCER 2025/05/02 09:19:27 backend.go:96: Сервер http://localhost:8083 состояние: alive=true
BALANCER 2025/05/02 09:19:37 backend.go:96: Сервер http://localhost:8082 состояние: alive=true
BALANCER 2025/05/02 09:19:37 backend.go:96: Сервер http://localhost:8083 состояние: alive=true
BALANCER 2025/05/02 09:19:37 backend.go:96: Сервер http://localhost:8081 состояние: alive=true
BALANCER 2025/05/02 09:19:47 backend.go:96: Сервер http://localhost:8083 состояние: alive=true
BALANCER 2025/05/02 09:19:47 backend.go:96: Сервер http://localhost:8082 состояние: alive=true
BALANCER 2025/05/02 09:19:47 backend.go:96: Сервер http://localhost:8081 состояние: alive=true
BALANCER 2025/05/02 09:19:57 backend.go:96: Сервер http://localhost:8083 состояние: alive=true
BALANCER 2025/05/02 09:19:57 backend.go:96: Сервер http://localhost:8081 состояние: alive=true
BALANCER 2025/05/02 09:19:57 backend.go:96: Сервер http://localhost:8082 состояние: alive=true
BALANCER 2025/05/02 09:20:07 backend.go:96: Сервер http://localhost:8081 состояние: alive=true
BALANCER 2025/05/02 09:20:07 backend.go:96: Сервер http://localhost:8083 состояние: alive=true
BALANCER 2025/05/02 09:20:07 backend.go:96: Сервер http://localhost:8082 состояние: alive=true
BALANCER 2025/05/02 09:20:17 backend.go:96: Сервер http://localhost:8082 состояние: alive=true
BALANCER 2025/05/02 09:20:17 backend.go:96: Сервер http://localhost:8083 состояние: alive=true
BALANCER 2025/05/02 09:20:17 backend.go:96: Сервер http://localhost:8081 состояние: alive=true
BALANCER 2025/05/02 09:20:27 backend.go:96: Сервер http://localhost:8083 состояние: alive=true
BALANCER 2025/05/02 09:20:27 backend.go:96: Сервер http://localhost:8082 состояние: alive=true
BALANCER 2025/05/02 09:20:27 backend.go:96: Сервер http://localhost:8081 состояние: alive=true
BALANCER 2025/05/02 09:20:37 backend.go:96: Сервер http://localhost:8081 состояние: alive=true
BALANCER 2025/05/02 09:20:37 backend.go:96: Сервер http://localhost:8083 состояние: alive=true
BALANCER 2025/05/02 09:20:37 backend.go:96: Сервер http://localhost:8082 состояние: alive=true
BALANCER 2025/05/02 09:20:47 backend.go:96: Сервер http://localhost:8081 состояние: alive=true
BALANCER 2025/05/02 09:20:47 backend.go:96: Сервер http://localhost:8082 состояние: alive=true
BALANCER 2025/05/02 09:20:47 backend.go:96: Сервер http://localhost:8083 состояние: alive=true
BALANCER 2025/05/02 09:20:57 backend.go:96: Сервер http://localhost:8081 состояние: alive=true
BALANCER 2025/05/02 09:20:57 backend.go:96: Сервер http://localhost:8082 состояние: alive=true
BALANCER 2025/05/02 09:20:57 backend.go:96: Сервер http://localhost:8083 состояние: alive=true
BALANCER 2025/05/02 09:21:07 backend.go:96: Сервер http://localhost:8082 состояние: alive=true
BALANCER 2025/05/02 09:21:07 backend.go:96: Сервер http://localhost:8081 состояние: alive=true
BALANCER 2025/05/02 09:21:07 backend.go:96: Сервер http://localhost:8083 состояние: alive=true
BALANCER 2025/05/02 09:21:17 backend.go:96: Сервер http://localhost:8083 состояние: alive=true
BALANCER 2025/05/02 09:21:17 backend.go:96: Сервер http://localhost:8081 состояние: alive=true
BALANCER 2025/05/02 09:21:17 backend.go:96: Сервер http://localhost:8082 состояние: alive=true
BALANCER 2025/05/02 09:21:27 backend.go:96: Сервер http://localhost:8083 состояние: alive=true
BALANCER 2025/05/02 09:21:27 backend.go:96: Сервер http://localhost:8082 состояние: alive=true
BALANCER 2025/05/02 09:21:27 backend.go:96: Сервер http://localhost:8081 состояние: alive=true
BALANCER 2025/05/02 09:21:29 main.go:111: завершение работы...
BALANCER 2025/05/02 09:21:29 main.go:31: Завершение работы балансировщика
BALANCER 2025/05/02 09:21:34 main.go:103: запуск сервера на :8080
BALANCER 2025/05/02 09:21:39 balancer.go:45: Входящий запрос: GET /
BALANCER 2025/05/02 09:21:39 balancer.go:59: Перенаправление на сервер: http://localhost:8081
BALANCER 2025/05/02 09:21:39 balancer.go:45: Входящий запрос: GET /
BALANCER 2025/05/02 09:21:39 balancer.go:59: Перенаправление на сервер: http://localhost:8081
BALANCER 2025/05/02 09:21:39 balancer.go:45: Входящий запрос: GET /
BALANCER 2025/05/02 09:21:39 balancer.go:59: Перенаправление на сервер: http://localhost:8082
BALANCER 2025/05/02 09:21:39 balancer.go:45: Входящий запрос: GET /
BALANCER 2025/05/02 09:21:39 balancer.go:59: Перенаправление на сервер: http://localhost:8083
BALANCER 2025/05/02 09:21:39 balancer.go:45: Входящий запрос: GET /
BALANCER 2025/05/02 09:21:39 balancer.go:59: Перенаправление на сервер: http://localhost:8081
BALANCER 2025/05/02 09:21:39 balancer.go:45: Входящий запрос: GET /
BALANCER 2025/05/02 09:21:39 balancer.go:59: Перенаправление на сервер: http://localhost:8082
BALANCER 2025/05/02 09:21:39 balancer.go:45: Входящий запрос: GET /
BALANCER 2025/05/02 09:21:39 balancer.go:59: Перенаправление на сервер: http://localhost:8083
BALANCER 2025/05/02 09:21:39 balancer.go:45: Входящий запрос: GET /
BALANCER 2025/05/02 09:21:39 balancer.go:59: Перенаправление на сервер: http://localhost:8081
BALANCER 2025/05/02 09:21:39 balancer.go:45: Входящий запрос: GET /
BALANCER 2025/05/02 09:21:39 balancer.go:59: Перенаправление на сервер: http://localhost:8081
BALANCER 2025/05/02 09:21:39 balancer.go:45: Входящий запрос: GET /
BALANCER 2025/05/02 09:21:39 balancer.go:45: Входящий запрос: GET /
BALANCER 2025/05/02 09:21:39 balancer.go:59: Перенаправление на сервер: http://localhost:8082
BALANCER 2025/05/02 09:21:39 balancer.go:45: Входящий запрос: GET /
BALANCER 2025/05/02 09:21:39 balancer.go:59: Перенаправление на сервер: http://localhost:8083
BALANCER 2025/05/02 09:21:39 balancer.go:59: Перенаправление на сервер: http://localhost:8081
BALANCER 2025/05/02 09:21:39 balancer.go:45: Входящий запрос: GET /
BALANCER 2025/05/02 09:21:39 balancer.go:59: Перенаправление на сервер: http://localhost:8082
BALANCER 2025/05/02 09:21:39 balancer.go:45: Входящий запрос: GET /
BALANCER 2025/05/02 09:21:39 balancer.go:59: Перенаправление на сервер: http://localhost:8082
BALANCER 2025/05/02 09:21:39 balancer.go:45: Входящий запрос: GET /
BALANCER 2025/05/02 09:21:39 balancer.go:59: Перенаправление на сервер: http://localhost:8081
BALANCER 2025/05/02 09:21:39 balancer.go:45: Входящий запрос: GET /
BALANCER 2025/05/02 09:21:39 balancer.go:59: Перенаправление на сервер: http://localhost:8083
BALANCER 2025/05/02 09:21:39 balancer.go:45: Входящий запрос: GET /
BALANCER 2025/05/02 09:21:39 balancer.go:59: Перенаправление на сервер: http://localhost:8083
BALANCER 2025/05/02 09:21:39 balancer.go:45: Входящий запрос: GET /
BALANCER 2025/05/02 09:21:39 balancer.go:59: Перенаправление на сервер: http://localhost:8081
BALANCER 2025/05/02 09:21:39 balancer.go:45: Входящий запрос: GET /
BALANCER 2025/05/02 09:21:39 balancer.go:59: Перенаправление на сервер: http://localhost:8083
BALANCER 2025/05/02 09:21:39 balancer.go:45: Входящий запрос: GET /
BALANCER 2025/05/02 09:21:39 balancer.go:59: Перенаправление на сервер: http://localhost:8081
BALANCER 2025/05/02 09:21:39 balancer.go:45: Входящий запрос: GET /
BALANCER 2025/05/02 09:21:39 balancer.go:59: Перенаправление на сервер: http://localhost:8081
BALANCER 2025/05/02 09:21:39 balancer.go:45: Входящий запрос: GET /
BALANCER 2025/05/02 09:21:39 balancer.go:59: Перенаправление на сервер: http://localhost:8082
BALANCER 2025/05/02 09:21:39 balancer.go:45: Входящий запрос: GET /
BALANCER 2025/05/02 09:21:39 balancer.go:59: Перенаправление на сервер: http://localhost:8082
BALANCER 2025/05/02 09:21:39 balancer.go:45: Входящий запрос: GET /
BALANCER 2025/05/02 09:21:39 balancer.go:59: Перенаправление на сервер: http://localhost:8082
BALANCER 2025/05/02 09:21:39 balancer.go:45: Входящий запрос: GET /
BALANCER 2025/05/02 09:21:39 balancer.go:59: Перенаправление на сервер: http://localhost:8081
BALANCER 2025/05/02 09:21:39 balancer.go:45: Входящий запрос: GET /
BALANCER 2025/05/02 09:21:39 balancer.go:59: Перенаправление на сервер: http://localhost:8083
BALANCER 2025/05/02 09:21:39 balancer.go:45: Входящий запрос: GET /
BALANCER 2025/05/02 09:21:39 balancer.go:59: Перенаправление на сервер: http://localhost:8083
BALANCER 2025/05/02 09:21:39 balancer.go:45: Входящий запрос: GET /
BALANCER 2025/05/02 09:21:39 balancer.go:59: Перенаправление на сервер: http://localhost:8081
BALANCER 2025/05/02 09:21:39 balancer.go:45: Входящий запрос: GET /
BALANCER 2025/05/02 09:21:39 balancer.go:59: Перенаправление на сервер: http://localhost:8081
BALANCER 2025/05/02 09:21:39 balancer.go:45: Входящий запрос: GET /
BALANCER 2025/05/02 09:21:39 balancer.go:59: Перенаправление на сервер: http://localhost:8083
BALANCER 2025/05/02 09:21:39 balancer.go:45: Входящий запрос: GET /
BALANCER 2025/05/02 09:21:39 balancer.go:59: Перенаправление на сервер: http://localhost:8081
BALANCER 2025/05/02 09:21:39 balancer.go:45: Входящий запрос: GET /
BALANCER 2025/05/02 09:21:39 balancer.go:59: Перенаправление на сервер: http://localhost:8082
BALANCER 2025/05/02 09:21:39 balancer.go:45: Входящий запрос: GET /
BALANCER 2025/05/02 09:21:39 balancer.go:59: Перенаправление на сервер: http://localhost:8082
BALANCER 2025/05/02 09:21:39 balancer.go:45: Входящий запрос: GET /
BALANCER 2025/05/02 09:21:39 balancer.go:59: Перенаправление на сервер: http://localhost:8082
BALANCER 2025/05/02 09:21:39 balancer.go:45: Входящий запрос: GET /
BALANCER 2025/05/02 09:21:39 balancer.go:59: Перенаправление на сервер: http://localhost:8081
BALANCER 2025/05/02 09:21:39 balancer.go:45: Входящий запрос: GET /
BALANCER 2025/05/02 09:21:39 balancer.go:59: Перенаправление на сервер: http://localhost:8083
BALANCER 2025/05/02 09:21:39 balancer.go:45: Входящий запрос: GET /
BALANCER 2025/05/02 09:21:39 balancer.go:59: Перенаправление на сервер: http://localhost:8083
BALANCER 2025/05/02 09:21:39 balancer.go:45: Входящий запрос: GET /
BALANCER 2025/05/02 09:21:39 balancer.go:59: Перенаправление на сервер: http://localhost:8081
BALANCER 2025/05/02 09:21:39 balancer.go:45: Входящий запрос: GET /
BALANCER 2025/05/02 09:21:39 balancer.go:59: Перенаправление на сервер: http://localhost:8081
BALANCER 2025/05/02 09:21:39 balancer.go:45: Входящий запрос: GET /
BALANCER 2025/05/02 09:21:39 balancer.go:59: Перенаправление на сервер: http://localhost:8083
BALANCER 2025/05/02 09:21:39 balancer.go:45: Входящий запрос: GET /
BALANCER 2025/05/02 09:21:39 balancer.go:59: Перенаправление на сервер: http://localhost:8081
BALANCER 2025/05/02 09:21:39 balancer.go:45: Входящий запрос: GET /
BALANCER 2025/05/02 09:21:39 balancer.go:59: Перенаправление на сервер: http://localhost:8082
BALANCER 2025/05/02 09:21:39 balancer.go:45: Входящий запрос: GET /
BALANCER 2025/05/02 09:21:39 balancer.go:59: Перенаправление на сервер: http://localhost:8082
BALANCER 2025/05/02 09:21:39 balancer.go:45: Входящий запрос: GET /
BALANCER 2025/05/02 09:21:39 balancer.go:59: Перенаправление на сервер: http://localhost:8082
BALANCER 2025/05/02 09:21:39 balancer.go:45: Входящий запрос: GET /
BALANCER 2025/05/02 09:21:39 balancer.go:59: Перенаправление на сервер: http://localhost:8081
BALANCER 2025/05/02 09:21:39 balancer.go:45: Входящий запрос: GET /
BALANCER 2025/05/02 09:21:39 balancer.go:59: Перенаправление на сервер: http://localhost:8083
BALANCER 2025/05/02 09:21:39 balancer.go:45: Входящий запрос: GET /
BALANCER 2025/05/02 09:21:39 balancer.go:59: Перенаправление на сервер: http://localhost:8083
BALANCER 2025/05/02 09:21:39 balancer.go:45: Входящий запрос: GET /
BALANCER 2025/05/02 09:21:39 balancer.go:59: Перенаправление на сервер: http://localhost:8081
BALANCER 2025/05/02 09:21:39 balancer.go:45: Входящий запрос: GET /
BALANCER 2025/05/02 09:21:39 balancer.go:59: Перенаправление на сервер: http://localhost:8081
BALANCER 2025/05/02 09:21:39 balancer.go:45: Входящий запрос: GET /
BALANCER 2025/05/02 09:21:39 balancer.go:59: Перенаправление на сервер: http://localhost:8083
BALANCER 2025/05/02 09:21:44 backend.go:96: Сервер http://localhost:8083 состояние: alive=true
BALANCER 2025/05/02 09:21:44 backend.go:96: Сервер http://localhost:8082 состояние: alive=true
BALANCER 2025/05/02 09:21:44 backend.go:96: Сервер http://localhost:8081 состояние: alive=true
BALANCER 2025/05/02 09:21:54 backend.go:96: Сервер http://localhost:8083 состояние: alive=true
BALANCER 2025/05/02 09:21:54 backend.go:96: Сервер http://localhost:8081 состояние: alive=true
BALANCER 2025/05/02 09:21:54 backend.go:96: Сервер http://localhost:8082 состояние: alive=true
BALANCER 2025/05/02 09:22:04 backend.go:96: Сервер http://localhost:8082 состояние: alive=true
BALANCER 2025/05/02 09:22:04 backend.go:96: Сервер http://localhost:8081 состояние: alive=true
BALANCER 2025/05/02 09:22:04 backend.go:96: Сервер http://localhost:8083 состояние: alive=true
BALANCER 2025/05/02 09:22:14 backend.go:96: Сервер http://localhost:8083 состояние: alive=true
BALANCER 2025/05/02 09:22:14 backend.go:96: Сервер http://localhost:8082 состояние: alive=true
BALANCER 2025/05/02 09:22:14 backend.go:96: Сервер http://localhost:8081 состояние: alive=true
BALANCER 2025/05/02 09:22:24 backend.go:96: Сервер http://localhost:8083 состояние: alive=true
BALANCER 2025/05/02 09:22:24 backend.go:96: Сервер http://localhost:8082 состояние: alive=true
BALANCER 2025/05/02 09:22:24 backend.go:96: Сервер http://localhost:8081 состояние: alive=true
BALANCER 2025/05/02 09:22:34 backend.go:96: Сервер http://localhost:8083 состояние: alive=true
BALANCER 2025/05/02 09:22:34 backend.go:96: Сервер http://localhost:8082 состояние: alive=true
BALANCER 2025/05/02 09:22:34 backend.go:96: Сервер http://localhost:8081 состояние: alive=true
BALANCER 2025/05/02 09:22:44 backend.go:96: Сервер http://localhost:8083 состояние: alive=true
BALANCER 2025/05/02 09:22:44 backend.go:96: Сервер http://localhost:8081 состояние: alive=true
BALANCER 2025/05/02 09:22:44 backend.go:96: Сервер http://localhost:8082 состояние: alive=true
BALANCER 2025/05/02 09:22:54 backend.go:96: Сервер http://localhost:8083 состояние: alive=true
BALANCER 2025/05/02 09:22:54 backend.go:96: Сервер http://localhost:8081 состояние: alive=true
BALANCER 2025/05/02 09:22:54 backend.go:96: Сервер http://localhost:8082 состояние: alive=true
BALANCER 2025/05/02 09:23:04 backend.go:96: Сервер http://localhost:8081 состояние: alive=true
BALANCER 2025/05/02 09:23:04 backend.go:96: Сервер http://localhost:8082 состояние: alive=true
BALANCER 2025/05/02 09:23:04 backend.go:96: Сервер http://localhost:8083 состояние: alive=true
BALANCER 2025/05/02 09:23:14 backend.go:96: Сервер http://localhost:8083 состояние: alive=true
BALANCER 2025/05/02 09:23:14 backend.go:96: Сервер http://localhost:8082 состояние: alive=true
BALANCER 2025/05/02 09:23:14 backend.go:96: Сервер http://localhost:8081 состояние: alive=true
BALANCER 2025/05/02 09:23:24 backend.go:96: Сервер http://localhost:8081 состояние: alive=true
BALANCER 2025/05/02 09:23:24 backend.go:96: Сервер http://localhost:8083 состояние: alive=true
BALANCER 2025/05/02 09:23:24 backend.go:96: Сервер http://localhost:8082 состояние: alive=true
BALANCER 2025/05/02 09:23:34 backend.go:96: Сервер http://localhost:8081 состояние: alive=true
BALANCER 2025/05/02 09:23:34 backend.go:96: Сервер http://localhost:8083 состояние: alive=true
BALANCER 2025/05/02 09:23:34 backend.go:96: Сервер http://localhost:8082 состояние: alive=true
BALANCER 2025/05/02 09:23:44 backend.go:96: Сервер http://localhost:8081 состояние: alive=true
BALANCER 2025/05/02 09:23:44 backend.go:96: Сервер http://localhost:8083 состояние: alive=true
BALANCER 2025/05/02 09:23:44 backend.go:96: Сервер http://localhost:8082 состояние: alive=true
BALANCER 2025/05/02 09:23:54 backend.go:96: Сервер http://localhost:8082 состояние: alive=true
BALANCER 2025/05/02 09:23:54 backend.go:96: Сервер http://localhost:8083 состояние: alive=true
BALANCER 2025/05/02 09:23:54 backend.go:96: Сервер http://localhost:8081 состояние: alive=true
BALANCER 2025/05/02 09:24:04 backend.go:96: Сервер http://localhost:8083 состояние: alive=true
BALANCER 2025/05/02 09:24:04 backend.go:96: Сервер http://localhost:8082 состояние: alive=true
BALANCER 2025/05/02 09:24:04 backend.go:96: Сервер http://localhost:8081 состояние: alive=true
BALANCER 2025/05/02 09:24:14 backend.go:96: Сервер http://localhost:8083 состояние: alive=true
BALANCER 2025/05/02 09:24:14 backend.go:96: Сервер http://localhost:8081 состояние: alive=true
BALANCER 2025/05/02 09:24:14 backend.go:96: Сервер http://localhost:8082 состояние: alive=true
BALANCER 2025/05/02 09:24:24 backend.go:96: Сервер http://localhost:8081 состояние: alive=true
BALANCER 2025/05/02 09:24:24 backend.go:96: Сервер http://localhost:8082 состояние: alive=true
BALANCER 2025/05/02 09:24:24 backend.go:96: Сервер http://localhost:8083 состояние: alive=true
BALANCER 2025/05/02 09:24:34 backend.go:96: Сервер http://localhost:8081 состояние: alive=true
BALANCER 2025/05/02 09:24:34 backend.go:96: Сервер http://localhost:8083 состояние: alive=true
BALANCER 2025/05/02 09:24:34 backend.go:96: Сервер http://localhost:8082 состояние: alive=true
BALANCER 2025/05/02 09:24:44 backend.go:96: Сервер http://localhost:8081 состояние: alive=true
BALANCER 2025/05/02 09:24:44 backend.go:96: Сервер http://localhost:8083 состояние: alive=true
BALANCER 2025/05/02 09:24:44 backend.go:96: Сервер http://localhost:8082 состояние: alive=true
BALANCER 2025/05/02 09:24:54 backend.go:96: Сервер http://localhost:8083 состояние: alive=true
BALANCER 2025/05/02 09:24:54 backend.go:96: Сервер http://localhost:8082 состояние: alive=true
BALANCER 2025/05/02 09:24:54 backend.go:96: Сервер http://localhost:8081 состояние: alive=true
BALANCER 2025/05/02 09:25:04 backend.go:96: Сервер http://localhost:8082 состояние: alive=true
BALANCER 2025/05/02 09:25:04 backend.go:96: Сервер http://localhost:8081 состояние: alive=true
BALANCER 2025/05/02 09:25:04 backend.go:96: Сервер http://localhost:8083 состояние: alive=true
BALANCER 2025/05/02 09:25:14 backend.go:96: Сервер http://localhost:8081 состояние: alive=true
BALANCER 2025/05/02 09:25:14 backend.go:96: Сервер http://localhost:8082 состояние: alive=true
BALANCER 2025/05/02 09:25:14 backend.go:96: Сервер http://localhost:8083 состояние: alive=true
BALANCER 2025/05/02 09:25:17 main.go:111: завершение работы...
BALANCER 2025/05/02 09:25:17 main.go:31: Завершение работы балансировщика
BALANCER 2025/05/02 09:25:49 main.go:103: запуск сервера на :8080
BALANCER 2025/05/02 09:25:55 balancer.go:45: Входящий запрос: GET /
BALANCER 2025/05/02 09:25:55 balancer.go:59: Перенаправление на сервер: http://localhost:8082
BALANCER 2025/05/02 09:25:55 balancer.go:45: Входящий запрос: GET /
BALANCER 2025/05/02 09:25:55 balancer.go:59: Перенаправление на сервер: http://localhost:8083
BALANCER 2025/05/02 09:25:55 balancer.go:45: Входящий запрос: GET /
BALANCER 2025/05/02 09:25:55 balancer.go:59: Перенаправление на сервер: http://localhost:8081
BALANCER 2025/05/02 09:25:55 balancer.go:45: Входящий запрос: GET /
BALANCER 2025/05/02 09:25:55 balancer.go:59: Перенаправление на сервер: http://localhost:8082
BALANCER 2025/05/02 09:25:55 balancer.go:45: Входящий запрос: GET /
BALANCER 2025/05/02 09:25:55 balancer.go:59: Перенаправление на сервер: http://localhost:8083
BALANCER 2025/05/02 09:25:55 balancer.go:45: Входящий запрос: GET /
BALANCER 2025/05/02 09:25:55 balancer.go:59: Перенаправление на сервер: http://localhost:8081
BALANCER 2025/05/02 09:25:55 balancer.go:45: Входящий запрос: GET /
BALANCER 2025/05/02 09:25:55 balancer.go:45: Входящий запрос: GET /
BALANCER 2025/05/02 09:25:55 balancer.go:59: Перенаправление на сервер: http://localhost:8082
BALANCER 2025/05/02 09:25:55 balancer.go:59: Перенаправление на сервер: http://localhost:8083
BALANCER 2025/05/02 09:25:55 balancer.go:45: Входящий запрос: GET /
BALANCER 2025/05/02 09:25:55 balancer.go:59: Перенаправление на сервер: http://localhost:8081
BALANCER 2025/05/02 09:25:55 balancer.go:45: Входящий запрос: GET /
BALANCER 2025/05/02 09:25:55 balancer.go:59: Перенаправление на сервер: http://localhost:8082
BALANCER 2025/05/02 09:25:55 balancer.go:45: Входящий запрос: GET /
BALANCER 2025/05/02 09:25:55 balancer.go:59: Перенаправление на сервер: http://localhost:8083
BALANCER 2025/05/02 09:25:55 balancer.go:45: Входящий запрос: GET /
BALANCER 2025/05/02 09:25:55 balancer.go:45: Входящий запрос: GET /
BALANCER 2025/05/02 09:25:55 balancer.go:59: Перенаправление на сервер: http://localhost:8082
BALANCER 2025/05/02 09:25:55 balancer.go:59: Перенаправление на сервер: http://localhost:8081
BALANCER 2025/05/02 09:25:55 balancer.go:45: Входящий запрос: GET /
BALANCER 2025/05/02 09:25:55 balancer.go:59: Перенаправление на сервер: http://localhost:8083
BALANCER 2025/05/02 09:25:55 balancer.go:45: Входящий запрос: GET /
BALANCER 2025/05/02 09:25:55 balancer.go:59: Перенаправление на сервер: http://localhost:8081
BALANCER 2025/05/02 09:25:55 balancer.go:45: Входящий запрос: GET /
BALANCER 2025/05/02 09:25:55 balancer.go:59: Перенаправление на сервер: http://localhost:8082
BALANCER 2025/05/02 09:25:55 balancer.go:45: Входящий запрос: GET /
BALANCER 2025/05/02 09:25:55 balancer.go:59: Перенаправление на сервер: http://localhost:8083
BALANCER 2025/05/02 09:25:55 balancer.go:45: Входящий запрос: GET /
BALANCER 2025/05/02 09:25:55 balancer.go:59: Перенаправление на сервер: http://localhost:8081
BALANCER 2025/05/02 09:25:55 balancer.go:45: Входящий запрос: GET /
BALANCER 2025/05/02 09:25:55 balancer.go:59: Перенаправление на сервер: http://localhost:8082
BALANCER 2025/05/02 09:25:55 balancer.go:45: Входящий запрос: GET /
BALANCER 2025/05/02 09:25:55 balancer.go:59: Перенаправление на сервер: http://localhost:8083
BALANCER 2025/05/02 09:25:55 balancer.go:45: Входящий запрос: GET /
BALANCER 2025/05/02 09:25:55 balancer.go:59: Перенаправление на сервер: http://localhost:8081
BALANCER 2025/05/02 09:25:55 balancer.go:45: Входящий запрос: GET /
BALANCER 2025/05/02 09:25:55 balancer.go:59: Перенаправление на сервер: http://localhost:8082
BALANCER 2025/05/02 09:25:55 balancer.go:45: Входящий запрос: GET /
BALANCER 2025/05/02 09:25:55 balancer.go:59: Перенаправление на сервер: http://localhost:8083
BALANCER 2025/05/02 09:25:55 balancer.go:45: Входящий запрос: GET /
BALANCER 2025/05/02 09:25:55 balancer.go:59: Перенаправление на сервер: http://localhost:8081
BALANCER 2025/05/02 09:25:55 balancer.go:45: Входящий запрос: GET /
BALANCER 2025/05/02 09:25:55 balancer.go:59: Перенаправление на сервер: http://localhost:8082
BALANCER 2025/05/02 09:25:55 balancer.go:45: Входящий запрос: GET /
BALANCER 2025/05/02 09:25:55 balancer.go:59: Перенаправление на сервер: http://localhost:8083
BALANCER 2025/05/02 09:25:55 balancer.go:45: Входящий запрос: GET /
BALANCER 2025/05/02 09:25:55 balancer.go:59: Перенаправление на сервер: http://localhost:8081
BALANCER 2025/05/02 09:25:55 balancer.go:45: Входящий запрос: GET /
BALANCER 2025/05/02 09:25:55 balancer.go:59: Перенаправление на сервер: http://localhost:8082
BALANCER 2025/05/02 09:25:55 balancer.go:45: Входящий запрос: GET /
BALANCER 2025/05/02 09:25:55 balancer.go:59: Перенаправление на сервер: http://localhost:8083
BALANCER 2025/05/02 09:25:55 balancer.go:45: Входящий запрос: GET /
BALANCER 2025/05/02 09:25:55 balancer.go:59: Перенаправление на сервер: http://localhost:8081
BALANCER 2025/05/02 09:25:55 balancer.go:45: Входящий запрос: GET /
BALANCER 2025/05/02 09:25:55 balancer.go:59: Перенаправление на сервер: http://localhost:8082
BALANCER 2025/05/02 09:25:55 balancer.go:45: Входящий запрос: GET /
BALANCER 2025/05/02 09:25:55 balancer.go:59: Перенаправление на сервер: http://localhost:8083
BALANCER 2025/05/02 09:25:55 balancer.go:45: Входящий запрос: GET /
BALANCER 2025/05/02 09:25:55 balancer.go:59: Перенаправление на сервер: http://localhost:8081
BALANCER 2025/05/02 09:25:55 balancer.go:45: Входящий запрос: GET /
BALANCER 2025/05/02 09:25:55 balancer.go:59: Перенаправление на сервер: http://localhost:8082
BALANCER 2025/05/02 09:25:55 balancer.go:45: Входящий запрос: GET /
BALANCER 2025/05/02 09:25:55 balancer.go:59: Перенаправление на сервер: http://localhost:8083
BALANCER 2025/05/02 09:25:55 balancer.go:45: Входящий запрос: GET /
BALANCER 2025/05/02 09:25:55 balancer.go:59: Перенаправление на сервер: http://localhost:8081
BALANCER 2025/05/02 09:25:55 balancer.go:45: Входящий запрос: GET /
BALANCER 2025/05/02 09:25:55 balancer.go:59: Перенаправление на сервер: http://localhost:8082
BALANCER 2025/05/02 09:25:55 balancer.go:45: Входящий запрос: GET /
BALANCER 2025/05/02 09:25:55 balancer.go:59: Перенаправление на сервер: http://localhost:8083
BALANCER 2025/05/02 09:25:55 balancer.go:45: Входящий запрос: GET /
BALANCER 2025/05/02 09:25:55 balancer.go:59: Перенаправление на сервер: http://localhost:8081
BALANCER 2025/05/02 09:25:55 balancer.go:45: Входящий запрос: GET /
BALANCER 2025/05/02 09:25:55 balancer.go:59: Перенаправление на сервер: http://localhost:8082
BALANCER 2025/05/02 09:25:55 balancer.go:45: Входящий запрос: GET /
BALANCER 2025/05/02 09:25:55 balancer.go:59: Перенаправление на сервер: http://localhost:8083
BALANCER 2025/05/02 09:25:55 balancer.go:45: Входящий запрос: GET /
BALANCER 2025/05/02 09:25:55 balancer.go:59: Перенаправление на сервер: http://localhost:8081
BALANCER 2025/05/02 09:25:55 balancer.go:45: Входящий запрос: GET /
BALANCER 2025/05/02 09:25:55 balancer.go:59: Перенаправление на сервер: http://localhost:8082
BALANCER 2025/05/02 09:25:55 balancer.go:45: Входящий запрос: GET /
BALANCER 2025/05/02 09:25:55 balancer.go:59: Перенаправление на сервер: http://localhost:8083
BALANCER 2025/05/02 09:25:55 balancer.go:45: Входящий запрос: GET /
BALANCER 2025/05/02 09:25:55 balancer.go:59: Перенаправление на сервер: http://localhost:8081
BALANCER 2025/05/02 09:25:55 balancer.go:45: Входящий запрос: GET /
BALANCER 2025/05/02 09:25:55 balancer.go:59: Перенаправление на сервер: http://localhost:8082
BALANCER 2025/05/02 09:25:55 balancer.go:45: Входящий запрос: GET /
BALANCER 2025/05/02 09:25:55 balancer.go:59: Перенаправление на сервер: http://localhost:8083
BALANCER 2025/05/02 09:25:55 balancer.go:45: Входящий запрос: GET /
BALANCER 2025/05/02 09:25:55 balancer.go:59: Перенаправление на сервер: http://localhost:8081
BALANCER 2025/05/02 09:25:55 balancer.go:45: Входящий запрос: GET /
BALANCER 2025/05/02 09:25:55 balancer.go:59: Перенаправление на сервер: http://localhost:8082
BALANCER 2025/05/02 09:25:55 balancer.go:45: Входящий запрос: GET /
BALANCER 2025/05/02 09:25:55 balancer.go:59: Перенаправление на сервер: http://localhost:8083
BALANCER 2025/05/02 09:25:59 backend.go:96: Сервер http://localhost:8082 состояние: alive=true
BALANCER 2025/05/02 09:25:59 backend.go:96: Сервер http://localhost:8083 состояние: alive=true
BALANCER 2025/05/02 09:25:59 backend.go:96: Сервер http://localhost:8081 состояние: alive=true
BALANCER 2025/05/02 09:26:09 backend.go:96: Сервер http://localhost:8082 состояние: alive=true
BALANCER 2025/05/02 09:26:09 backend.go:96: Сервер http://localhost:8081 состояние: alive=true
BALANCER 2025/05/02 09:26:09 backend.go:96: Сервер http://localhost:8083 состояние: alive=true
BALANCER 2025/05/02 09:26:19 backend.go:96: Сервер http://localhost:8081 состояние: alive=true
BALANCER 2025/05/02 09:26:19 backend.go:96: Сервер http://localhost:8082 состояние: alive=true
BALANCER 2025/05/02 09:26:19 backend.go:96: Сервер http://localhost:8083 состояние: alive=true
BALANCER 2025/05/02 09:26:29 backend.go:96: Сервер http://localhost:8081 состояние: alive=true
BALANCER 2025/05/02 09:26:29 backend.go:96: Сервер http://localhost:8082 состояние: alive=true
BALANCER 2025/05/02 09:26:29 backend.go:96: Сервер http://localhost:8083 состояние: alive=true
BALANCER 2025/05/02 09:26:39 main.go:111: завершение работы...
BALANCER 2025/05/02 09:26:39 main.go:31: Завершение работы балансировщика
BALANCER 2025/05/02 09:26:39 backend.go:96: Сервер http://localhost:8082 состояние: alive=true
BALANCER 2025/05/02 09:26:39 backend.go:96: Сервер http://localhost:8081 состояние: alive=true
BALANCER 2025/05/02 09:26:39 backend.go:96: Сервер http://localhost:8083 состояние: alive=true
